Workbook

Sheet Dashboard
A1: 📊 POÄNGUPPFÖLJNING REHAB 2026 — DASHBOARD
A2: {="Sammanfattning alla enheter — Actual vs Budget (Jan–"&INDEX('Enheterna AO VGR'!B2:M2,MATCH(2,1/('Enheterna AO VGR'!B3:M3>0)))&" 2026)"} -> Sammanfattning alla enheter — Actual vs Budget (Jan–Apr 2026)
A4: 🎯 ÖVERGRIPANDE KPI:ER (YTD 2026)
A6: TOTALT ALLA ENHETER | B6: YTD Actual | C6: YTD Budget | D6: Avvikelse | E6: Uppfyllnadsgrad | F6: Senaste mån trend
A7: Stor-GBG (8 enheter) | B7: {=SUMPRODUCT(('Enheterna AO VGR'!B3:M3)*('Enheterna AO VGR'!B3:M3>0))} -> 24943 | C7: {=SUMPRODUCT(('Enheterna AO VGR'!B4:M4)*('Enheterna AO VGR'!B3:M3>0))} -> 29816 | D7: =B7-C7 -> -4873 | E7: =IFERROR(B7/C7,0) -> 0.83656426 | F7: {=IFERROR(INDEX('Enheterna AO VGR'!B3:M3,MATCH(2,1/('Enheterna AO VGR'!B3:M3>0)))-INDEX('Enheterna AO VGR'!B3:M3,MATCH(2,1/('Enheterna AO VGR'!B3:M3>0))-1),0)} -> -602
A8: Tätort (6 enheter) | B8: {=SUMPRODUCT(('Enheterna AO VGR'!B9:M9)*('Enheterna AO VGR'!B9:M9>0))} -> 27496 | C8: {=SUMPRODUCT(('Enheterna AO VGR'!B10:M10)*('Enheterna AO VGR'!B9:M9>0))} -> 30821 | D8: =B8-C8 -> -3325 | E8: =IFERROR(B8/C8,0) -> 0.89211901 | F8: {=IFERROR(INDEX('Enheterna AO VGR'!B9:M9,MATCH(2,1/('Enheterna AO VGR'!B9:M9>0)))-INDEX('Enheterna AO VGR'!B9:M9,MATCH(2,1/('Enheterna AO VGR'!B9:M9>0))-1),0)} -> -73
A11: 🏢 DETALJERAD UPPFÖLJNING PER ENHET
A13: Enhet | B13: ='Enheterna AO VGR'!B2 -> Jan | C13: ='Enheterna AO VGR'!C2 -> Feb | D13: ='Enheterna AO VGR'!D2 -> Mar | E13: ='Enheterna AO VGR'!E2 -> Apr | F13: ='Enheterna AO VGR'!F2 -> Maj | G13: ='Enheterna AO VGR'!G2 -> Jun | H13: ='Enheterna AO VGR'!H2 -> Jul | I13: ='Enheterna AO VGR'!I2 -> Aug | ... M13: ='Enheterna AO VGR'!M2 -> Dec | N13: YTD Actual | O13: YTD Budget | P13: YTD Avvikelse | Q13: Uppfyllnad % | R13: Årsbudget
A14: Frölunda Torg | B14: =IF('Enheterna AO VGR'!B16=0,"",'Enheterna AO VGR'!B16) -> 783 | C14: =IF('Enheterna AO VGR'!C16=0,"",'Enheterna AO VGR'!C16) -> 900 | D14: =IF('Enheterna AO VGR'!D16=0,"",'Enheterna AO VGR'!D16) -> 883 | E14: =IF('Enheterna AO VGR'!E16=0,"",'Enheterna AO VGR'!E16) -> 828 | F14: =IF('Enheterna AO VGR'!F16=0,"",'Enheterna AO VGR'!F16) | G14: =IF('Enheterna AO VGR'!G16=0,"",'Enheterna AO VGR'!G16) | H14: =IF('Enheterna AO VGR'!H16=0,"",'Enheterna AO VGR'!H16) | I14: =IF('Enheterna AO VGR'!I16=0,"",'Enheterna AO VGR'!I16) | ... M14: =IF('Enheterna AO VGR'!M16=0,"",'Enheterna AO VGR'!M16) | N14: =SUM('Enheterna AO VGR'!B16:M16) -> 3394 | O14: {=SUMPRODUCT(('Enheterna AO VGR'!B17:M17)*('Enheterna AO VGR'!B16:M16>0))} -> 4368 | P14: =N14-O14 -> -974 | Q14: =IFERROR(N14/O14,0) -> 0.77701465 | R14: =SUM('Enheterna AO VGR'!B17:M17) -> 12218
A15: Grimmered | B15: =IF('Enheterna AO VGR'!B22=0,"",'Enheterna AO VGR'!B22) -> 754 | C15: =IF('Enheterna AO VGR'!C22=0,"",'Enheterna AO VGR'!C22) -> 884 | D15: =IF('Enheterna AO VGR'!D22=0,"",'Enheterna AO VGR'!D22) -> 1064 | E15: =IF('Enheterna AO VGR'!E22=0,"",'Enheterna AO VGR'!E22) -> 1072 | F15: =IF('Enheterna AO VGR'!F22=0,"",'Enheterna AO VGR'!F22) | G15: =IF('Enheterna AO VGR'!G22=0,"",'Enheterna AO VGR'!G22) | H15: =IF('Enheterna AO VGR'!H22=0,"",'Enheterna AO VGR'!H22) | I15: =IF('Enheterna AO VGR'!I22=0,"",'Enheterna AO VGR'!I22) | ... M15: =IF('Enheterna AO VGR'!M22=0,"",'Enheterna AO VGR'!M22) | N15: =SUM('Enheterna AO VGR'!B22:M22) -> 3774 | O15: {=SUMPRODUCT(('Enheterna AO VGR'!B23:M23)*('Enheterna AO VGR'!B22:M22>0))} -> 4115 | P15: =N15-O15 -> -341 | Q15: =IFERROR(N15/O15,0) -> 0.91713244 | R15: =SUM('Enheterna AO VGR'!B23:M23) -> 11295
A16: Majorna | B16: =IF('Enheterna AO VGR'!B28=0,"",'Enheterna AO VGR'!B28) -> 894 | C16: =IF('Enheterna AO VGR'!C28=0,"",'Enheterna AO VGR'!C28) -> 962 | D16: =IF('Enheterna AO VGR'!D28=0,"",'Enheterna AO VGR'!D28) -> 1003 | E16: =IF('Enheterna AO VGR'!E28=0,"",'Enheterna AO VGR'!E28) -> 836 | F16: =IF('Enheterna AO VGR'!F28=0,"",'Enheterna AO VGR'!F28) | G16: =IF('Enheterna AO VGR'!G28=0,"",'Enheterna AO VGR'!G28) | H16: =IF('Enheterna AO VGR'!H28=0,"",'Enheterna AO VGR'!H28) | I16: =IF('Enheterna AO VGR'!I28=0,"",'Enheterna AO VGR'!I28) | ... M16: =IF('Enheterna AO VGR'!M28=0,"",'Enheterna AO VGR'!M28) | N16: =SUM('Enheterna AO VGR'!B28:M28) -> 3695 | O16: {=SUMPRODUCT(('Enheterna AO VGR'!B29:M29)*('Enheterna AO VGR'!B28:M28>0))} -> 4548 | P16: =N16-O16 -> -853 | Q16: =IFERROR(N16/O16,0) -> 0.81244503 | R16: =SUM('Enheterna AO VGR'!B29:M29) -> 12836
A17: Pedagogen Park | B17: =IF('Enheterna AO VGR'!B34=0,"",'Enheterna AO VGR'!B34) -> 478 | C17: =IF('Enheterna AO VGR'!C34=0,"",'Enheterna AO VGR'!C34) -> 532 | D17: =IF('Enheterna AO VGR'!D34=0,"",'Enheterna AO VGR'!D34) -> 789 | E17: =IF('Enheterna AO VGR'!E34=0,"",'Enheterna AO VGR'!E34) -> 680 | F17: =IF('Enheterna AO VGR'!F34=0,"",'Enheterna AO VGR'!F34) | G17: =IF('Enheterna AO VGR'!G34=0,"",'Enheterna AO VGR'!G34) | H17: =IF('Enheterna AO VGR'!H34=0,"",'Enheterna AO VGR'!H34) | I17: =IF('Enheterna AO VGR'!I34=0,"",'Enheterna AO VGR'!I34) | ... M17: =IF('Enheterna AO VGR'!M34=0,"",'Enheterna AO VGR'!M34) | N17: =SUM('Enheterna AO VGR'!B34:M34) -> 2479 | O17: {=SUMPRODUCT(('Enheterna AO VGR'!B35:M35)*('Enheterna AO VGR'!B34:M34>0))} -> 2725 | P17: =N17-O17 -> -246 | Q17: =IFERROR(N17/O17,0) -> 0.90972477 | R17: =SUM('Enheterna AO VGR'!B35:M35) -> 8580
A18: Åby | B18: =IF('Enheterna AO VGR'!B40=0,"",'Enheterna AO VGR'!B40) -> 926 | C18: =IF('Enheterna AO VGR'!C40=0,"",'Enheterna AO VGR'!C40) -> 1054 | D18: =IF('Enheterna AO VGR'!D40=0,"",'Enheterna AO VGR'!D40) -> 1103 | E18: =IF('Enheterna AO VGR'!E40=0,"",'Enheterna AO VGR'!E40) -> 941 | F18: =IF('Enheterna AO VGR'!F40=0,"",'Enheterna AO VGR'!F40) | G18: =IF('Enheterna AO VGR'!G40=0,"",'Enheterna AO VGR'!G40) | H18: =IF('Enheterna AO VGR'!H40=0,"",'Enheterna AO VGR'!H40) | I18: =IF('Enheterna AO VGR'!I40=0,"",'Enheterna AO VGR'!I40) | ... M18: =IF('Enheterna AO VGR'!M40=0,"",'Enheterna AO VGR'!M40) | N18: =SUM('Enheterna AO VGR'!B40:M40) -> 4024 | O18: {=SUMPRODUCT(('Enheterna AO VGR'!B41:M41)*('Enheterna AO VGR'!B40:M40>0))} -> 4340 | P18: =N18-O18 -> -316 | Q18: =IFERROR(N18/O18,0) -> 0.92718894 | R18: =SUM('Enheterna AO VGR'!B41:M41) -> 12486
A19: Olskroken | B19: =IF('Enheterna AO VGR'!B46=0,"",'Enheterna AO VGR'!B46) -> 554 | C19: =IF('Enheterna AO VGR'!C46=0,"",'Enheterna AO VGR'!C46) -> 488 | D19: =IF('Enheterna AO VGR'!D46=0,"",'Enheterna AO VGR'!D46) -> 628 | E19: =IF('Enheterna AO VGR'!E46=0,"",'Enheterna AO VGR'!E46) -> 754 | F19: =IF('Enheterna AO VGR'!F46=0,"",'Enheterna AO VGR'!F46) | G19: =IF('Enheterna AO VGR'!G46=0,"",'Enheterna AO VGR'!G46) | H19: =IF('Enheterna AO VGR'!H46=0,"",'Enheterna AO VGR'!H46) | I19: =IF('Enheterna AO VGR'!I46=0,"",'Enheterna AO VGR'!I46) | ... M19: =IF('Enheterna AO VGR'!M46=0,"",'Enheterna AO VGR'!M46) | N19: =SUM('Enheterna AO VGR'!B46:M46) -> 2424 | O19: {=SUMPRODUCT(('Enheterna AO VGR'!B47:M47)*('Enheterna AO VGR'!B46:M46>0))} -> 2935 | P19: =N19-O19 -> -511 | Q19: =IFERROR(N19/O19,0) -> 0.82589438 | R19: =SUM('Enheterna AO VGR'!B47:M47) -> 8760
A20: Avenyn | B20: =IF('Enheterna AO VGR'!B52=0,"",'Enheterna AO VGR'!B52) -> 886 | C20: =IF('Enheterna AO VGR'!C52=0,"",'Enheterna AO VGR'!C52) -> 910 | D20: =IF('Enheterna AO VGR'!D52=0,"",'Enheterna AO VGR'!D52) -> 1253 | E20: =IF('Enheterna AO VGR'!E52=0,"",'Enheterna AO VGR'!E52) -> 997 | F20: =IF('Enheterna AO VGR'!F52=0,"",'Enheterna AO VGR'!F52) | G20: =IF('Enheterna AO VGR'!G52=0,"",'Enheterna AO VGR'!G52) | H20: =IF('Enheterna AO VGR'!H52=0,"",'Enheterna AO VGR'!H52) | I20: =IF('Enheterna AO VGR'!I52=0,"",'Enheterna AO VGR'!I52) | ... M20: =IF('Enheterna AO VGR'!M52=0,"",'Enheterna AO VGR'!M52) | N20: =SUM('Enheterna AO VGR'!B52:M52) -> 4046 | O20: {=SUMPRODUCT(('Enheterna AO VGR'!B53:M53)*('Enheterna AO VGR'!B52:M52>0))} -> 4805 | P20: =N20-O20 -> -759 | Q20: =IFERROR(N20/O20,0) -> 0.84203954 | R20: =SUM('Enheterna AO VGR'!B53:M53) -> 14495
A21: Karlastaden | B21: =IF('Enheterna AO VGR'!B58=0,"",'Enheterna AO VGR'!B58) -> 226 | C21: =IF('Enheterna AO VGR'!C58=0,"",'Enheterna AO VGR'!C58) -> 244 | D21: =IF('Enheterna AO VGR'!D58=0,"",'Enheterna AO VGR'!D58) -> 312 | E21: =IF('Enheterna AO VGR'!E58=0,"",'Enheterna AO VGR'!E58) -> 325 | F21: =IF('Enheterna AO VGR'!F58=0,"",'Enheterna AO VGR'!F58) | G21: =IF('Enheterna AO VGR'!G58=0,"",'Enheterna AO VGR'!G58) | H21: =IF('Enheterna AO VGR'!H58=0,"",'Enheterna AO VGR'!H58) | I21: =IF('Enheterna AO VGR'!I58=0,"",'Enheterna AO VGR'!I58) | ... M21: =IF('Enheterna AO VGR'!M58=0,"",'Enheterna AO VGR'!M58) | N21: =SUM('Enheterna AO VGR'!B58:M58) -> 1107 | O21: {=SUMPRODUCT(('Enheterna AO VGR'!B59:M59)*('Enheterna AO VGR'!B58:M58>0))} -> 1980 | P21: =N21-O21 -> -873 | Q21: =IFERROR(N21/O21,0) -> 0.55909091 | R21: =SUM('Enheterna AO VGR'!B59:M59) -> 5562
A22: Tanum och Fjällbacka | B22: =IF('Enheterna AO VGR'!B64=0,"",'Enheterna AO VGR'!B64) -> 1084 | C22: =IF('Enheterna AO VGR'!C64=0,"",'Enheterna AO VGR'!C64) -> 1229 | D22: =IF('Enheterna AO VGR'!D64=0,"",'Enheterna AO VGR'!D64) -> 1389 | E22: =IF('Enheterna AO VGR'!E64=0,"",'Enheterna AO VGR'!E64) -> 1281 | F22: =IF('Enheterna AO VGR'!F64=0,"",'Enheterna AO VGR'!F64) | G22: =IF('Enheterna AO VGR'!G64=0,"",'Enheterna AO VGR'!G64) | H22: =IF('Enheterna AO VGR'!H64=0,"",'Enheterna AO VGR'!H64) | I22: =IF('Enheterna AO VGR'!I64=0,"",'Enheterna AO VGR'!I64) | ... M22: =IF('Enheterna AO VGR'!M64=0,"",'Enheterna AO VGR'!M64) | N22: =SUM('Enheterna AO VGR'!B64:M64) -> 4983 | O22: {=SUMPRODUCT(('Enheterna AO VGR'!B65:M65)*('Enheterna AO VGR'!B64:M64>0))} -> 4394 | P22: =N22-O22 -> 589 | Q22: =IFERROR(N22/O22,0) -> 1.1340464 | R22: =SUM('Enheterna AO VGR'!B65:M65) -> 12786
A23: Brålanda-Torpa | B23: =IF('Enheterna AO VGR'!B70=0,"",'Enheterna AO VGR'!B70) -> 958 | C23: =IF('Enheterna AO VGR'!C70=0,"",'Enheterna AO VGR'!C70) -> 1192 | D23: =IF('Enheterna AO VGR'!D70=0,"",'Enheterna AO VGR'!D70) -> 1076 | E23: =IF('Enheterna AO VGR'!E70=0,"",'Enheterna AO VGR'!E70) -> 1291 | F23: =IF('Enheterna AO VGR'!F70=0,"",'Enheterna AO VGR'!F70) | G23: =IF('Enheterna AO VGR'!G70=0,"",'Enheterna AO VGR'!G70) | H23: =IF('Enheterna AO VGR'!H70=0,"",'Enheterna AO VGR'!H70) | I23: =IF('Enheterna AO VGR'!I70=0,"",'Enheterna AO VGR'!I70) | ... M23: =IF('Enheterna AO VGR'!M70=0,"",'Enheterna AO VGR'!M70) | N23: =SUM('Enheterna AO VGR'!B70:M70) -> 4517 | O23: {=SUMPRODUCT(('Enheterna AO VGR'!B71:M71)*('Enheterna AO VGR'!B70:M70>0))} -> 4985 | P23: =N23-O23 -> -468 | Q23: =IFERROR(N23/O23,0) -> 0.90611836 | R23: =SUM('Enheterna AO VGR'!B71:M71) -> 15655
A24: Noltrop | B24: =IF('Enheterna AO VGR'!B76=0,"",'Enheterna AO VGR'!B76) -> 1371 | C24: =IF('Enheterna AO VGR'!C76=0,"",'Enheterna AO VGR'!C76) -> 1606 | D24: =IF('Enheterna AO VGR'!D76=0,"",'Enheterna AO VGR'!D76) -> 2057 | E24: =IF('Enheterna AO VGR'!E76=0,"",'Enheterna AO VGR'!E76) -> 2018 | F24: =IF('Enheterna AO VGR'!F76=0,"",'Enheterna AO VGR'!F76) | G24: =IF('Enheterna AO VGR'!G76=0,"",'Enheterna AO VGR'!G76) | H24: =IF('Enheterna AO VGR'!H76=0,"",'Enheterna AO VGR'!H76) | I24: =IF('Enheterna AO VGR'!I76=0,"",'Enheterna AO VGR'!I76) | ... M24: =IF('Enheterna AO VGR'!M76=0,"",'Enheterna AO VGR'!M76) | N24: =SUM('Enheterna AO VGR'!B76:M76) -> 7052 | O24: {=SUMPRODUCT(('Enheterna AO VGR'!B77:M77)*('Enheterna AO VGR'!B76:M76>0))} -> 7315 | P24: =N24-O24 -> -263 | Q24: =IFERROR(N24/O24,0) -> 0.96404648 | R24: =SUM('Enheterna AO VGR'!B77:M77) -> 21955
A25: Lilla Edet | B25: =IF('Enheterna AO VGR'!B82=0,"",'Enheterna AO VGR'!B82) -> 718 | C25: =IF('Enheterna AO VGR'!C82=0,"",'Enheterna AO VGR'!C82) -> 526 | D25: =IF('Enheterna AO VGR'!D82=0,"",'Enheterna AO VGR'!D82) -> 528 | E25: =IF('Enheterna AO VGR'!E82=0,"",'Enheterna AO VGR'!E82) -> 509 | F25: =IF('Enheterna AO VGR'!F82=0,"",'Enheterna AO VGR'!F82) | G25: =IF('Enheterna AO VGR'!G82=0,"",'Enheterna AO VGR'!G82) | H25: =IF('Enheterna AO VGR'!H82=0,"",'Enheterna AO VGR'!H82) | I25: =IF('Enheterna AO VGR'!I82=0,"",'Enheterna AO VGR'!I82) | ... M25: =IF('Enheterna AO VGR'!M82=0,"",'Enheterna AO VGR'!M82) | N25: =SUM('Enheterna AO VGR'!B82:M82) -> 2281 | O25: {=SUMPRODUCT(('Enheterna AO VGR'!B83:M83)*('Enheterna AO VGR'!B82:M82>0))} -> 3638 | P25: =N25-O25 -> -1357 | Q25: =IFERROR(N25/O25,0) -> 0.62699285 | R25: =SUM('Enheterna AO VGR'!B83:M83) -> 9870
A26: Stavre | B26: =IF('Enheterna AO VGR'!B88=0,"",'Enheterna AO VGR'!B88) -> 924 | C26: =IF('Enheterna AO VGR'!C88=0,"",'Enheterna AO VGR'!C88) -> 959 | D26: =IF('Enheterna AO VGR'!D88=0,"",'Enheterna AO VGR'!D88) -> 1203 | E26: =IF('Enheterna AO VGR'!E88=0,"",'Enheterna AO VGR'!E88) -> 1146 | F26: =IF('Enheterna AO VGR'!F88=0,"",'Enheterna AO VGR'!F88) | G26: =IF('Enheterna AO VGR'!G88=0,"",'Enheterna AO VGR'!G88) | H26: =IF('Enheterna AO VGR'!H88=0,"",'Enheterna AO VGR'!H88) | I26: =IF('Enheterna AO VGR'!I88=0,"",'Enheterna AO VGR'!I88) | ... M26: =IF('Enheterna AO VGR'!M88=0,"",'Enheterna AO VGR'!M88) | N26: =SUM('Enheterna AO VGR'!B88:M88) -> 4232 | O26: {=SUMPRODUCT(('Enheterna AO VGR'!B89:M89)*('Enheterna AO VGR'!B88:M88>0))} -> 4340 | P26: =N26-O26 -> -108 | Q26: =IFERROR(N26/O26,0) -> 0.97511521 | R26: =SUM('Enheterna AO VGR'!B89:M89) -> 12486
A27: Åmål | B27: =IF('Enheterna AO VGR'!B94=0,"",'Enheterna AO VGR'!B94) -> 934 | C27: =IF('Enheterna AO VGR'!C94=0,"",'Enheterna AO VGR'!C94) -> 1058 | D27: =IF('Enheterna AO VGR'!D94=0,"",'Enheterna AO VGR'!D94) -> 1252 | E27: =IF('Enheterna AO VGR'!E94=0,"",'Enheterna AO VGR'!E94) -> 1187 | F27: =IF('Enheterna AO VGR'!F94=0,"",'Enheterna AO VGR'!F94) | G27: =IF('Enheterna AO VGR'!G94=0,"",'Enheterna AO VGR'!G94) | H27: =IF('Enheterna AO VGR'!H94=0,"",'Enheterna AO VGR'!H94) | I27: =IF('Enheterna AO VGR'!I94=0,"",'Enheterna AO VGR'!I94) | ... M27: =IF('Enheterna AO VGR'!M94=0,"",'Enheterna AO VGR'!M94) | N27: =SUM('Enheterna AO VGR'!B94:M94) -> 4431 | O27: {=SUMPRODUCT(('Enheterna AO VGR'!B95:M95)*('Enheterna AO VGR'!B94:M94>0))} -> 6149 | P27: =N27-O27 -> -1718 | Q27: =IFERROR(N27/O27,0) -> 0.72060498 | R27: =SUM('Enheterna AO VGR'!B95:M95) -> 16692
A29: TOTALT ALLA ENHETER | B29: =SUM(B14:B27) -> 11490 | C29: =SUM(C14:C27) -> 12544 | D29: =SUM(D14:D27) -> 14540 | E29: =SUM(E14:E27) -> 13865 | F29: =SUM(F14:F27) -> 0 | G29: =SUM(G14:G27) -> 0 | H29: =SUM(H14:H27) -> 0 | I29: =SUM(I14:I27) -> 0 | ... P29: =SUM(P14:P27) -> -8198 | Q29: =IFERROR(N29/O29,0) -> 0.86480202 | R29: =SUM(R14:R27) -> 175676
A32: 📈 EKONOMISKA NYCKELTAL (KPI:er)
A34: Bästa enhet (YTD uppfyllnad) | B34: =INDEX(A14:A27,MATCH(MAX(Q14:Q27),Q14:Q27,0)) -> Tanum och Fjällbacka | C34: =MAX(Q14:Q27) -> 1.1340464
A35: Sämsta enhet (YTD uppfyllnad) | B35: =INDEX(A14:A27,MATCH(MIN(Q14:Q27),Q14:Q27,0)) -> Karlastaden | C35: =MIN(Q14:Q27) -> 0.55909091
A37: Genomsnittlig uppfyllnadsgrad | B37: =AVERAGE(Q14:Q27) -> 0.84981821
A38: Median uppfyllnadsgrad | B38: =MEDIAN(Q14:Q27) -> 0.87407895
A40: Enheter över budget (YTD) | B40: =COUNTIF(Q14:Q27,">="&1) -> 1 | C40: av 14
A41: Enheter under budget (YTD) | B41: =COUNTIF(Q14:Q27,"<"&1) -> 13 | C41: av 14
A45: Total YTD avvikelse (poäng) | B45: =P29 -> -8198
A46: Årsbudget totalt | B46: =R29 -> 175676
A47: YTD vs Årsbudget | B47: =N29/R29 -> 0.29849837
A96: 👥 ALLA MEDARBETARE — sortering styrs av månadsväljaren
B98: Välj månad: → | C98: Mar | D98: ← Klicka och välj månad (Jan–Dec eller YTD)
A99: ="🏆 TOP 20 — "&$C$98 -> 🏆 TOP 20 — Mar
A101: # | B101: Namn | C101: Enhet | D101: =$C$98&" poäng" -> Mar poäng | E101: YTD
A102: 1 | B102: =IFERROR(INDEX($A$221:$A$301,MATCH(LARGE($Q$221:$Q$301,1),$Q$221:$Q$301,0)),"") -> Cecilia Lilja | C102: =IFERROR(INDEX($B$221:$B$301,MATCH(LARGE($Q$221:$Q$301,1),$Q$221:$Q$301,0)),"") -> Stavre | D102: =IFERROR(INDEX($P$221:$P$301,MATCH(LARGE($Q$221:$Q$301,1),$Q$221:$Q$301,0)),0) -> 358 | E102: =IFERROR(INDEX($O$221:$O$301,MATCH(LARGE($Q$221:$Q$301,1),$Q$221:$Q$301,0)),0) -> 1083
A103: 2 | B103: =IFERROR(INDEX($A$221:$A$301,MATCH(LARGE($Q$221:$Q$301,2),$Q$221:$Q$301,0)),"") -> Sanna Åstrand | C103: =IFERROR(INDEX($B$221:$B$301,MATCH(LARGE($Q$221:$Q$301,2),$Q$221:$Q$301,0)),"") -> Noltrop | D103: =IFERROR(INDEX($P$221:$P$301,MATCH(LARGE($Q$221:$Q$301,2),$Q$221:$Q$301,0)),0) -> 355 | E103: =IFERROR(INDEX($O$221:$O$301,MATCH(LARGE($Q$221:$Q$301,2),$Q$221:$Q$301,0)),0) -> 1189
A104: 3 | B104: =IFERROR(INDEX($A$221:$A$301,MATCH(LARGE($Q$221:$Q$301,3),$Q$221:$Q$301,0)),"") -> Ruurd Visser | C104: =IFERROR(INDEX($B$221:$B$301,MATCH(LARGE($Q$221:$Q$301,3),$Q$221:$Q$301,0)),"") -> Åmål | D104: =IFERROR(INDEX($P$221:$P$301,MATCH(LARGE($Q$221:$Q$301,3),$Q$221:$Q$301,0)),0) -> 353 | E104: =IFERROR(INDEX($O$221:$O$301,MATCH(LARGE($Q$221:$Q$301,3),$Q$221:$Q$301,0)),0) -> 1074
A105: 4 | B105: =IFERROR(INDEX($A$221:$A$301,MATCH(LARGE($Q$221:$Q$301,4),$Q$221:$Q$301,0)),"") -> Emma Andersson | C105: =IFERROR(INDEX($B$221:$B$301,MATCH(LARGE($Q$221:$Q$301,4),$Q$221:$Q$301,0)),"") -> Tanum och Fjällbacka | D105: =IFERROR(INDEX($P$221:$P$301,MATCH(LARGE($Q$221:$Q$301,4),$Q$221:$Q$301,0)),0) -> 300 | E105: =IFERROR(INDEX($O$221:$O$301,MATCH(LARGE($Q$221:$Q$301,4),$Q$221:$Q$301,0)),0) -> 1046
A106: 5 | B106: =IFERROR(INDEX($A$221:$A$301,MATCH(LARGE($Q$221:$Q$301,5),$Q$221:$Q$301,0)),"") -> Linnea Andersson | C106: =IFERROR(INDEX($B$221:$B$301,MATCH(LARGE($Q$221:$Q$301,5),$Q$221:$Q$301,0)),"") -> Avenyn | D106: =IFERROR(INDEX($P$221:$P$301,MATCH(LARGE($Q$221:$Q$301,5),$Q$221:$Q$301,0)),0) -> 279 | E106: =IFERROR(INDEX($O$221:$O$301,MATCH(LARGE($Q$221:$Q$301,5),$Q$221:$Q$301,0)),0) -> 814
A107: 6 | B107: =IFERROR(INDEX($A$221:$A$301,MATCH(LARGE($Q$221:$Q$301,6),$Q$221:$Q$301,0)),"") -> Catarina Engström | C107: =IFERROR(INDEX($B$221:$B$301,MATCH(LARGE($Q$221:$Q$301,6),$Q$221:$Q$301,0)),"") -> Åby | D107: =IFERROR(INDEX($P$221:$P$301,MATCH(LARGE($Q$221:$Q$301,6),$Q$221:$Q$301,0)),0) -> 278 | E107: =IFERROR(INDEX($O$221:$O$301,MATCH(LARGE($Q$221:$Q$301,6),$Q$221:$Q$301,0)),0) -> 888
A108: 7 | B108: =IFERROR(INDEX($A$221:$A$301,MATCH(LARGE($Q$221:$Q$301,7),$Q$221:$Q$301,0)),"") -> Kalle Berner | C108: =IFERROR(INDEX($B$221:$B$301,MATCH(LARGE($Q$221:$Q$301,7),$Q$221:$Q$301,0)),"") -> Stavre | D108: =IFERROR(INDEX($P$221:$P$301,MATCH(LARGE($Q$221:$Q$301,7),$Q$221:$Q$301,0)),0) -> 274 | E108: =IFERROR(INDEX($O$221:$O$301,MATCH(LARGE($Q$221:$Q$301,7),$Q$221:$Q$301,0)),0) -> 1031
A109: 8 | B109: =IFERROR(INDEX($A$221:$A$301,MATCH(LARGE($Q$221:$Q$301,8),$Q$221:$Q$301,0)),"") -> Elisabeth Kaspers | C109: =IFERROR(INDEX($B$221:$B$301,MATCH(LARGE($Q$221:$Q$301,8),$Q$221:$Q$301,0)),"") -> Stavre | D109: =IFERROR(INDEX($P$221:$P$301,MATCH(LARGE($Q$221:$Q$301,8),$Q$221:$Q$301,0)),0) -> 264 | E109: =IFERROR(INDEX($O$221:$O$301,MATCH(LARGE($Q$221:$Q$301,8),$Q$221:$Q$301,0)),0) -> 976
A110: 9 | B110: =IFERROR(INDEX($A$221:$A$301,MATCH(LARGE($Q$221:$Q$301,9),$Q$221:$Q$301,0)),"") -> Matilda Saukkorripi | C110: =IFERROR(INDEX($B$221:$B$301,MATCH(LARGE($Q$221:$Q$301,9),$Q$221:$Q$301,0)),"") -> Pedagogen Park | D110: =IFERROR(INDEX($P$221:$P$301,MATCH(LARGE($Q$221:$Q$301,9),$Q$221:$Q$301,0)),0) -> 255 | E110: =IFERROR(INDEX($O$221:$O$301,MATCH(LARGE($Q$221:$Q$301,9),$Q$221:$Q$301,0)),0) -> 664
A111: 10 | B111: =IFERROR(INDEX($A$221:$A$301,MATCH(LARGE($Q$221:$Q$301,10),$Q$221:$Q$301,0)),"") -> Emma Lisjö | C111: =IFERROR(INDEX($B$221:$B$301,MATCH(LARGE($Q$221:$Q$301,10),$Q$221:$Q$301,0)),"") -> Grimmered | D111: =IFERROR(INDEX($P$221:$P$301,MATCH(LARGE($Q$221:$Q$301,10),$Q$221:$Q$301,0)),0) -> 254 | E111: =IFERROR(INDEX($O$221:$O$301,MATCH(LARGE($Q$221:$Q$301,10),$Q$221:$Q$301,0)),0) -> 773
A112: 11 | B112: =IFERROR(INDEX($A$221:$A$301,MATCH(LARGE($Q$221:$Q$301,11),$Q$221:$Q$301,0)),"") -> Malena Ryberg | C112: =IFERROR(INDEX($B$221:$B$301,MATCH(LARGE($Q$221:$Q$301,11),$Q$221:$Q$301,0)),"") -> Olskroken | D112: =IFERROR(INDEX($P$221:$P$301,MATCH(LARGE($Q$221:$Q$301,11),$Q$221:$Q$301,0)),0) -> 253 | E112: =IFERROR(INDEX($O$221:$O$301,MATCH(LARGE($Q$221:$Q$301,11),$Q$221:$Q$301,0)),0) -> 774
A113: 12 | B113: =IFERROR(INDEX($A$221:$A$301,MATCH(LARGE($Q$221:$Q$301,12),$Q$221:$Q$301,0)),"") -> Hanna Bovin | C113: =IFERROR(INDEX($B$221:$B$301,MATCH(LARGE($Q$221:$Q$301,12),$Q$221:$Q$301,0)),"") -> Grimmered | D113: =IFERROR(INDEX($P$221:$P$301,MATCH(LARGE($Q$221:$Q$301,12),$Q$221:$Q$301,0)),0) -> 250 | E113: =IFERROR(INDEX($O$221:$O$301,MATCH(LARGE($Q$221:$Q$301,12),$Q$221:$Q$301,0)),0) -> 911
A114: 13 | B114: =IFERROR(INDEX($A$221:$A$301,MATCH(LARGE($Q$221:$Q$301,13),$Q$221:$Q$301,0)),"") -> Lisa Edvardsson | C114: =IFERROR(INDEX($B$221:$B$301,MATCH(LARGE($Q$221:$Q$301,13),$Q$221:$Q$301,0)),"") -> Åby | D114: =IFERROR(INDEX($P$221:$P$301,MATCH(LARGE($Q$221:$Q$301,13),$Q$221:$Q$301,0)),0) -> 248 | E114: =IFERROR(INDEX($O$221:$O$301,MATCH(LARGE($Q$221:$Q$301,13),$Q$221:$Q$301,0)),0) -> 850
A115: 14 | B115: =IFERROR(INDEX($A$221:$A$301,MATCH(LARGE($Q$221:$Q$301,14),$Q$221:$Q$301,0)),"") -> Wilma Bogren | C115: =IFERROR(INDEX($B$221:$B$301,MATCH(LARGE($Q$221:$Q$301,14),$Q$221:$Q$301,0)),"") -> Tanum och Fjällbacka | D115: =IFERROR(INDEX($P$221:$P$301,MATCH(LARGE($Q$221:$Q$301,14),$Q$221:$Q$301,0)),0) -> 246 | E115: =IFERROR(INDEX($O$221:$O$301,MATCH(LARGE($Q$221:$Q$301,14),$Q$221:$Q$301,0)),0) -> 880
A116: 15 | B116: =IFERROR(INDEX($A$221:$A$301,MATCH(LARGE($Q$221:$Q$301,15),$Q$221:$Q$301,0)),"") -> Emil Sevestedt | C116: =IFERROR(INDEX($B$221:$B$301,MATCH(LARGE($Q$221:$Q$301,15),$Q$221:$Q$301,0)),"") -> Avenyn | D116: =IFERROR(INDEX($P$221:$P$301,MATCH(LARGE($Q$221:$Q$301,15),$Q$221:$Q$301,0)),0) -> 238 | E116: =IFERROR(INDEX($O$221:$O$301,MATCH(LARGE($Q$221:$Q$301,15),$Q$221:$Q$301,0)),0) -> 823
A117: 16 | B117: =IFERROR(INDEX($A$221:$A$301,MATCH(LARGE($Q$221:$Q$301,16),$Q$221:$Q$301,0)),"") -> Elias Österberg | C117: =IFERROR(INDEX($B$221:$B$301,MATCH(LARGE($Q$221:$Q$301,16),$Q$221:$Q$301,0)),"") -> Noltrop | D117: =IFERROR(INDEX($P$221:$P$301,MATCH(LARGE($Q$221:$Q$301,16),$Q$221:$Q$301,0)),0) -> 235 | E117: =IFERROR(INDEX($O$221:$O$301,MATCH(LARGE($Q$221:$Q$301,16),$Q$221:$Q$301,0)),0) -> 597
A118: 17 | B118: =IFERROR(INDEX($A$221:$A$301,MATCH(LARGE($Q$221:$Q$301,17),$Q$221:$Q$301,0)),"") -> Yasmine Holm | C118: =IFERROR(INDEX($B$221:$B$301,MATCH(LARGE($Q$221:$Q$301,17),$Q$221:$Q$301,0)),"") -> Brålanda-Torpa | D118: =IFERROR(INDEX($P$221:$P$301,MATCH(LARGE($Q$221:$Q$301,17),$Q$221:$Q$301,0)),0) -> 234 | E118: =IFERROR(INDEX($O$221:$O$301,MATCH(LARGE($Q$221:$Q$301,17),$Q$221:$Q$301,0)),0) -> 802
A119: 18 | B119: =IFERROR(INDEX($A$221:$A$301,MATCH(LARGE($Q$221:$Q$301,18),$Q$221:$Q$301,0)),"") -> Johanna Forslund | C119: =IFERROR(INDEX($B$221:$B$301,MATCH(LARGE($Q$221:$Q$301,18),$Q$221:$Q$301,0)),"") -> Noltrop | D119: =IFERROR(INDEX($P$221:$P$301,MATCH(LARGE($Q$221:$Q$301,18),$Q$221:$Q$301,0)),0) -> 224 | E119: =IFERROR(INDEX($O$221:$O$301,MATCH(LARGE($Q$221:$Q$301,18),$Q$221:$Q$301,0)),0) -> 663
A120: 19 | B120: =IFERROR(INDEX($A$221:$A$301,MATCH(LARGE($Q$221:$Q$301,19),$Q$221:$Q$301,0)),"") -> Emma Hillberg | C120: =IFERROR(INDEX($B$221:$B$301,MATCH(LARGE($Q$221:$Q$301,19),$Q$221:$Q$301,0)),"") -> Noltrop | D120: =IFERROR(INDEX($P$221:$P$301,MATCH(LARGE($Q$221:$Q$301,19),$Q$221:$Q$301,0)),0) -> 222 | E120: =IFERROR(INDEX($O$221:$O$301,MATCH(LARGE($Q$221:$Q$301,19),$Q$221:$Q$301,0)),0) -> 827
A121: 20 | B121: =IFERROR(INDEX($A$221:$A$301,MATCH(LARGE($Q$221:$Q$301,20),$Q$221:$Q$301,0)),"") -> Agnes Wykman | C121: =IFERROR(INDEX($B$221:$B$301,MATCH(LARGE($Q$221:$Q$301,20),$Q$221:$Q$301,0)),"") -> Avenyn | D121: =IFERROR(INDEX($P$221:$P$301,MATCH(LARGE($Q$221:$Q$301,20),$Q$221:$Q$301,0)),0) -> 220 | E121: =IFERROR(INDEX($O$221:$O$301,MATCH(LARGE($Q$221:$Q$301,20),$Q$221:$Q$301,0)),0) -> 700
A124: ="📋 ÖVRIGA MEDARBETARE — sorterade efter "&$C$98 -> 📋 ÖVRIGA MEDARBETARE — sorterade efter Mar
A125: # | B125: Namn | C125: Enhet | D125: =$C$98&" poäng" -> Mar poäng | E125: YTD
A126: 21 | B126: =IFERROR(INDEX($A$221:$A$301,MATCH(LARGE($Q$221:$Q$301,21),$Q$221:$Q$301,0)),"") -> Caroline Lindahl | C126: =IFERROR(INDEX($B$221:$B$301,MATCH(LARGE($Q$221:$Q$301,21),$Q$221:$Q$301,0)),"") -> Åby | D126: =IFERROR(INDEX($P$221:$P$301,MATCH(LARGE($Q$221:$Q$301,21),$Q$221:$Q$301,0)),0) -> 219 | E126: =IFERROR(INDEX($O$221:$O$301,MATCH(LARGE($Q$221:$Q$301,21),$Q$221:$Q$301,0)),0) -> 776
A127: 22 | B127: =IFERROR(INDEX($A$221:$A$301,MATCH(LARGE($Q$221:$Q$301,22),$Q$221:$Q$301,0)),"") -> Cecilia Jertborn | C127: =IFERROR(INDEX($B$221:$B$301,MATCH(LARGE($Q$221:$Q$301,22),$Q$221:$Q$301,0)),"") -> Åmål | D127: =IFERROR(INDEX($P$221:$P$301,MATCH(LARGE($Q$221:$Q$301,22),$Q$221:$Q$301,0)),0) -> 219 | E127: =IFERROR(INDEX($O$221:$O$301,MATCH(LARGE($Q$221:$Q$301,22),$Q$221:$Q$301,0)),0) -> 836
A128: 23 | B128: =IFERROR(INDEX($A$221:$A$301,MATCH(LARGE($Q$221:$Q$301,23),$Q$221:$Q$301,0)),"") -> David Lycksander | C128: =IFERROR(INDEX($B$221:$B$301,MATCH(LARGE($Q$221:$Q$301,23),$Q$221:$Q$301,0)),"") -> Noltrop | D128: =IFERROR(INDEX($P$221:$P$301,MATCH(LARGE($Q$221:$Q$301,23),$Q$221:$Q$301,0)),0) -> 218 | E128: =IFERROR(INDEX($O$221:$O$301,MATCH(LARGE($Q$221:$Q$301,23),$Q$221:$Q$301,0)),0) -> 870
A129: 24 | B129: =IFERROR(INDEX($A$221:$A$301,MATCH(LARGE($Q$221:$Q$301,24),$Q$221:$Q$301,0)),"") -> Patricia Palada | C129: =IFERROR(INDEX($B$221:$B$301,MATCH(LARGE($Q$221:$Q$301,24),$Q$221:$Q$301,0)),"") -> Grimmered | D129: =IFERROR(INDEX($P$221:$P$301,MATCH(LARGE($Q$221:$Q$301,24),$Q$221:$Q$301,0)),0) -> 217 | E129: =IFERROR(INDEX($O$221:$O$301,MATCH(LARGE($Q$221:$Q$301,24),$Q$221:$Q$301,0)),0) -> 900
A130: 25 | B130: =IFERROR(INDEX($A$221:$A$301,MATCH(LARGE($Q$221:$Q$301,25),$Q$221:$Q$301,0)),"") -> Mattias | C130: =IFERROR(INDEX($B$221:$B$301,MATCH(LARGE($Q$221:$Q$301,25),$Q$221:$Q$301,0)),"") -> Majorna | D130: =IFERROR(INDEX($P$221:$P$301,MATCH(LARGE($Q$221:$Q$301,25),$Q$221:$Q$301,0)),0) -> 216 | E130: =IFERROR(INDEX($O$221:$O$301,MATCH(LARGE($Q$221:$Q$301,25),$Q$221:$Q$301,0)),0) -> 699
A131: 26 | B131: =IFERROR(INDEX($A$221:$A$301,MATCH(LARGE($Q$221:$Q$301,26),$Q$221:$Q$301,0)),"") -> Sheerin Abedelbari | C131: =IFERROR(INDEX($B$221:$B$301,MATCH(LARGE($Q$221:$Q$301,26),$Q$221:$Q$301,0)),"") -> Brålanda-Torpa | D131: =IFERROR(INDEX($P$221:$P$301,MATCH(LARGE($Q$221:$Q$301,26),$Q$221:$Q$301,0)),0) -> 213 | E131: =IFERROR(INDEX($O$221:$O$301,MATCH(LARGE($Q$221:$Q$301,26),$Q$221:$Q$301,0)),0) -> 743
A132: 27 | B132: =IFERROR(INDEX($A$221:$A$301,MATCH(LARGE($Q$221:$Q$301,27),$Q$221:$Q$301,0)),"") -> Karin Edler | C132: =IFERROR(INDEX($B$221:$B$301,MATCH(LARGE($Q$221:$Q$301,27),$Q$221:$Q$301,0)),"") -> Lilla Edet | D132: =IFERROR(INDEX($P$221:$P$301,MATCH(LARGE($Q$221:$Q$301,27),$Q$221:$Q$301,0)),0) -> 212 | E132: =IFERROR(INDEX($O$221:$O$301,MATCH(LARGE($Q$221:$Q$301,27),$Q$221:$Q$301,0)),0) -> 411
A133: 28 | B133: =IFERROR(INDEX($A$221:$A$301,MATCH(LARGE($Q$221:$Q$301,28),$Q$221:$Q$301,0)),"") -> Anna-Karin S | C133: =IFERROR(INDEX($B$221:$B$301,MATCH(LARGE($Q$221:$Q$301,28),$Q$221:$Q$301,0)),"") -> Majorna | D133: =IFERROR(INDEX($P$221:$P$301,MATCH(LARGE($Q$221:$Q$301,28),$Q$221:$Q$301,0)),0) -> 202 | E133: =IFERROR(INDEX($O$221:$O$301,MATCH(LARGE($Q$221:$Q$301,28),$Q$221:$Q$301,0)),0) -> 869
A134: 29 | B134: =IFERROR(INDEX($A$221:$A$301,MATCH(LARGE($Q$221:$Q$301,29),$Q$221:$Q$301,0)),"") -> Ida Hasselholm | C134: =IFERROR(INDEX($B$221:$B$301,MATCH(LARGE($Q$221:$Q$301,29),$Q$221:$Q$301,0)),"") -> Pedagogen Park | D134: =IFERROR(INDEX($P$221:$P$301,MATCH(LARGE($Q$221:$Q$301,29),$Q$221:$Q$301,0)),0) -> 202 | E134: =IFERROR(INDEX($O$221:$O$301,MATCH(LARGE($Q$221:$Q$301,29),$Q$221:$Q$301,0)),0) -> 509
A135: 30 | B135: =IFERROR(INDEX($A$221:$A$301,MATCH(LARGE($Q$221:$Q$301,30),$Q$221:$Q$301,0)),"") -> Sanna NE | C135: =IFERROR(INDEX($B$221:$B$301,MATCH(LARGE($Q$221:$Q$301,30),$Q$221:$Q$301,0)),"") -> Noltrop | D135: =IFERROR(INDEX($P$221:$P$301,MATCH(LARGE($Q$221:$Q$301,30),$Q$221:$Q$301,0)),0) -> 200 | E135: =IFERROR(INDEX($O$221:$O$301,MATCH(LARGE($Q$221:$Q$301,30),$Q$221:$Q$301,0)),0) -> 763
A136: 31 | B136: =IFERROR(INDEX($A$221:$A$301,MATCH(LARGE($Q$221:$Q$301,31),$Q$221:$Q$301,0)),"") -> Kikki Lundborg | C136: =IFERROR(INDEX($B$221:$B$301,MATCH(LARGE($Q$221:$Q$301,31),$Q$221:$Q$301,0)),"") -> Brålanda-Torpa | D136: =IFERROR(INDEX($P$221:$P$301,MATCH(LARGE($Q$221:$Q$301,31),$Q$221:$Q$301,0)),0) -> 197 | E136: =IFERROR(INDEX($O$221:$O$301,MATCH(LARGE($Q$221:$Q$301,31),$Q$221:$Q$301,0)),0) -> 1053
A137: 32 | B137: =IFERROR(INDEX($A$221:$A$301,MATCH(LARGE($Q$221:$Q$301,32),$Q$221:$Q$301,0)),"") -> Rebecka Svensson | C137: =IFERROR(INDEX($B$221:$B$301,MATCH(LARGE($Q$221:$Q$301,32),$Q$221:$Q$301,0)),"") -> Avenyn | D137: =IFERROR(INDEX($P$221:$P$301,MATCH(LARGE($Q$221:$Q$301,32),$Q$221:$Q$301,0)),0) -> 197 | E137: =IFERROR(INDEX($O$221:$O$301,MATCH(LARGE($Q$221:$Q$301,32),$Q$221:$Q$301,0)),0) -> 706
A138: 33 | B138: =IFERROR(INDEX($A$221:$A$301,MATCH(LARGE($Q$221:$Q$301,33),$Q$221:$Q$301,0)),"") -> Annelie Corell | C138: =IFERROR(INDEX($B$221:$B$301,MATCH(LARGE($Q$221:$Q$301,33),$Q$221:$Q$301,0)),"") -> Frölunda Torg | D138: =IFERROR(INDEX($P$221:$P$301,MATCH(LARGE($Q$221:$Q$301,33),$Q$221:$Q$301,0)),0) -> 194 | E138: =IFERROR(INDEX($O$221:$O$301,MATCH(LARGE($Q$221:$Q$301,33),$Q$221:$Q$301,0)),0) -> 687
A139: 34 | B139: =IFERROR(INDEX($A$221:$A$301,MATCH(LARGE($Q$221:$Q$301,34),$Q$221:$Q$301,0)),"") -> Anders Esko | C139: =IFERROR(INDEX($B$221:$B$301,MATCH(LARGE($Q$221:$Q$301,34),$Q$221:$Q$301,0)),"") -> Frölunda Torg | D139: =IFERROR(INDEX($P$221:$P$301,MATCH(LARGE($Q$221:$Q$301,34),$Q$221:$Q$301,0)),0) -> 188 | E139: =IFERROR(INDEX($O$221:$O$301,MATCH(LARGE($Q$221:$Q$301,34),$Q$221:$Q$301,0)),0) -> 703
A140: 35 | B140: =IFERROR(INDEX($A$221:$A$301,MATCH(LARGE($Q$221:$Q$301,35),$Q$221:$Q$301,0)),"") -> Charlotte Alderblad | C140: =IFERROR(INDEX($B$221:$B$301,MATCH(LARGE($Q$221:$Q$301,35),$Q$221:$Q$301,0)),"") -> Pedagogen Park | D140: =IFERROR(INDEX($P$221:$P$301,MATCH(LARGE($Q$221:$Q$301,35),$Q$221:$Q$301,0)),0) -> 187 | E140: =IFERROR(INDEX($O$221:$O$301,MATCH(LARGE($Q$221:$Q$301,35),$Q$221:$Q$301,0)),0) -> 734
A141: 36 | B141: =IFERROR(INDEX($A$221:$A$301,MATCH(LARGE($Q$221:$Q$301,36),$Q$221:$Q$301,0)),"") -> Caroline | C141: =IFERROR(INDEX($B$221:$B$301,MATCH(LARGE($Q$221:$Q$301,36),$Q$221:$Q$301,0)),"") -> Majorna | D141: =IFERROR(INDEX($P$221:$P$301,MATCH(LARGE($Q$221:$Q$301,36),$Q$221:$Q$301,0)),0) -> 186 | E141: =IFERROR(INDEX($O$221:$O$301,MATCH(LARGE($Q$221:$Q$301,36),$Q$221:$Q$301,0)),0) -> 567
A142: 37 | B142: =IFERROR(INDEX($A$221:$A$301,MATCH(LARGE($Q$221:$Q$301,37),$Q$221:$Q$301,0)),"") -> Linda Wahlström | C142: =IFERROR(INDEX($B$221:$B$301,MATCH(LARGE($Q$221:$Q$301,37),$Q$221:$Q$301,0)),"") -> Noltrop | D142: =IFERROR(INDEX($P$221:$P$301,MATCH(LARGE($Q$221:$Q$301,37),$Q$221:$Q$301,0)),0) -> 186 | E142: =IFERROR(INDEX($O$221:$O$301,MATCH(LARGE($Q$221:$Q$301,37),$Q$221:$Q$301,0)),0) -> 511
A143: 38 | B143: =IFERROR(INDEX($A$221:$A$301,MATCH(LARGE($Q$221:$Q$301,38),$Q$221:$Q$301,0)),"") -> Ersättare Felix/ Erik S | C143: =IFERROR(INDEX($B$221:$B$301,MATCH(LARGE($Q$221:$Q$301,38),$Q$221:$Q$301,0)),"") -> Olskroken | D143: =IFERROR(INDEX($P$221:$P$301,MATCH(LARGE($Q$221:$Q$301,38),$Q$221:$Q$301,0)),0) -> 186 | E143: =IFERROR(INDEX($O$221:$O$301,MATCH(LARGE($Q$221:$Q$301,38),$Q$221:$Q$301,0)),0) -> 485
A144: 39 | B144: =IFERROR(INDEX($A$221:$A$301,MATCH(LARGE($Q$221:$Q$301,39),$Q$221:$Q$301,0)),"") -> Jim Glimmersten | C144: =IFERROR(INDEX($B$221:$B$301,MATCH(LARGE($Q$221:$Q$301,39),$Q$221:$Q$301,0)),"") -> Åmål | D144: =IFERROR(INDEX($P$221:$P$301,MATCH(LARGE($Q$221:$Q$301,39),$Q$221:$Q$301,0)),0) -> 185 | E144: =IFERROR(INDEX($O$221:$O$301,MATCH(LARGE($Q$221:$Q$301,39),$Q$221:$Q$301,0)),0) -> 454
A145: 40 | B145: =IFERROR(INDEX($A$221:$A$301,MATCH(LARGE($Q$221:$Q$301,40),$Q$221:$Q$301,0)),"") -> Maria Torstensson | C145: =IFERROR(INDEX($B$221:$B$301,MATCH(LARGE($Q$221:$Q$301,40),$Q$221:$Q$301,0)),"") -> Tanum och Fjällbacka | D145: =IFERROR(INDEX($P$221:$P$301,MATCH(LARGE($Q$221:$Q$301,40),$Q$221:$Q$301,0)),0) -> 184 | E145: =IFERROR(INDEX($O$221:$O$301,MATCH(LARGE($Q$221:$Q$301,40),$Q$221:$Q$301,0)),0) -> 892
A146: 41 | B146: =IFERROR(INDEX($A$221:$A$301,MATCH(LARGE($Q$221:$Q$301,41),$Q$221:$Q$301,0)),"") -> Albert Lindström | C146: =IFERROR(INDEX($B$221:$B$301,MATCH(LARGE($Q$221:$Q$301,41),$Q$221:$Q$301,0)),"") -> Frölunda Torg | D146: =IFERROR(INDEX($P$221:$P$301,MATCH(LARGE($Q$221:$Q$301,41),$Q$221:$Q$301,0)),0) -> 184 | E146: =IFERROR(INDEX($O$221:$O$301,MATCH(LARGE($Q$221:$Q$301,41),$Q$221:$Q$301,0)),0) -> 616
A147: 42 | B147: =IFERROR(INDEX($A$221:$A$301,MATCH(LARGE($Q$221:$Q$301,42),$Q$221:$Q$301,0)),"") -> Kristina Tjernberg | C147: =IFERROR(INDEX($B$221:$B$301,MATCH(LARGE($Q$221:$Q$301,42),$Q$221:$Q$301,0)),"") -> Noltrop | D147: =IFERROR(INDEX($P$221:$P$301,MATCH(LARGE($Q$221:$Q$301,42),$Q$221:$Q$301,0)),0) -> 181 | E147: =IFERROR(INDEX($O$221:$O$301,MATCH(LARGE($Q$221:$Q$301,42),$Q$221:$Q$301,0)),0) -> 709
A148: 43 | B148: =IFERROR(INDEX($A$221:$A$301,MATCH(LARGE($Q$221:$Q$301,43),$Q$221:$Q$301,0)),"") -> Åsa Tillmar | C148: =IFERROR(INDEX($B$221:$B$301,MATCH(LARGE($Q$221:$Q$301,43),$Q$221:$Q$301,0)),"") -> Noltrop | D148: =IFERROR(INDEX($P$221:$P$301,MATCH(LARGE($Q$221:$Q$301,43),$Q$221:$Q$301,0)),0) -> 181 | E148: =IFERROR(INDEX($O$221:$O$301,MATCH(LARGE($Q$221:$Q$301,43),$Q$221:$Q$301,0)),0) -> 672
A149: 44 | B149: =IFERROR(INDEX($A$221:$A$301,MATCH(LARGE($Q$221:$Q$301,44),$Q$221:$Q$301,0)),"") -> Anna Abrahamsson | C149: =IFERROR(INDEX($B$221:$B$301,MATCH(LARGE($Q$221:$Q$301,44),$Q$221:$Q$301,0)),"") -> Åby | D149: =IFERROR(INDEX($P$221:$P$301,MATCH(LARGE($Q$221:$Q$301,44),$Q$221:$Q$301,0)),0) -> 180 | E149: =IFERROR(INDEX($O$221:$O$301,MATCH(LARGE($Q$221:$Q$301,44),$Q$221:$Q$301,0)),0) -> 697
A150: 45 | B150: =IFERROR(INDEX($A$221:$A$301,MATCH(LARGE($Q$221:$Q$301,45),$Q$221:$Q$301,0)),"") -> Caroline Möller | C150: =IFERROR(INDEX($B$221:$B$301,MATCH(LARGE($Q$221:$Q$301,45),$Q$221:$Q$301,0)),"") -> Grimmered | D150: =IFERROR(INDEX($P$221:$P$301,MATCH(LARGE($Q$221:$Q$301,45),$Q$221:$Q$301,0)),0) -> 179 | E150: =IFERROR(INDEX($O$221:$O$301,MATCH(LARGE($Q$221:$Q$301,45),$Q$221:$Q$301,0)),0) -> 560
A151: 46 | B151: =IFERROR(INDEX($A$221:$A$301,MATCH(LARGE($Q$221:$Q$301,46),$Q$221:$Q$301,0)),"") -> Michaela Voeler | C151: =IFERROR(INDEX($B$221:$B$301,MATCH(LARGE($Q$221:$Q$301,46),$Q$221:$Q$301,0)),"") -> Åby | D151: =IFERROR(INDEX($P$221:$P$301,MATCH(LARGE($Q$221:$Q$301,46),$Q$221:$Q$301,0)),0) -> 178 | E151: =IFERROR(INDEX($O$221:$O$301,MATCH(LARGE($Q$221:$Q$301,46),$Q$221:$Q$301,0)),0) -> 808
A152: 47 | B152: =IFERROR(INDEX($A$221:$A$301,MATCH(LARGE($Q$221:$Q$301,47),$Q$221:$Q$301,0)),"") -> Nina Nexborn | C152: =IFERROR(INDEX($B$221:$B$301,MATCH(LARGE($Q$221:$Q$301,47),$Q$221:$Q$301,0)),"") -> Avenyn | D152: =IFERROR(INDEX($P$221:$P$301,MATCH(LARGE($Q$221:$Q$301,47),$Q$221:$Q$301,0)),0) -> 174 | E152: =IFERROR(INDEX($O$221:$O$301,MATCH(LARGE($Q$221:$Q$301,47),$Q$221:$Q$301,0)),0) -> 629
A153: 48 | B153: =IFERROR(INDEX($A$221:$A$301,MATCH(LARGE($Q$221:$Q$301,48),$Q$221:$Q$301,0)),"") -> Simon Lageson | C153: =IFERROR(INDEX($B$221:$B$301,MATCH(LARGE($Q$221:$Q$301,48),$Q$221:$Q$301,0)),"") -> Frölunda Torg | D153: =IFERROR(INDEX($P$221:$P$301,MATCH(LARGE($Q$221:$Q$301,48),$Q$221:$Q$301,0)),0) -> 172 | E153: =IFERROR(INDEX($O$221:$O$301,MATCH(LARGE($Q$221:$Q$301,48),$Q$221:$Q$301,0)),0) -> 437
A154: 49 | B154: =IFERROR(INDEX($A$221:$A$301,MATCH(LARGE($Q$221:$Q$301,49),$Q$221:$Q$301,0)),"") -> Jonathan Lindblad | C154: =IFERROR(INDEX($B$221:$B$301,MATCH(LARGE($Q$221:$Q$301,49),$Q$221:$Q$301,0)),"") -> Åmål | D154: =IFERROR(INDEX($P$221:$P$301,MATCH(LARGE($Q$221:$Q$301,49),$Q$221:$Q$301,0)),0) -> 171 | E154: =IFERROR(INDEX($O$221:$O$301,MATCH(LARGE($Q$221:$Q$301,49),$Q$221:$Q$301,0)),0) -> 532
A155: 50 | B155: =IFERROR(INDEX($A$221:$A$301,MATCH(LARGE($Q$221:$Q$301,50),$Q$221:$Q$301,0)),"") -> Therese Eriksson | C155: =IFERROR(INDEX($B$221:$B$301,MATCH(LARGE($Q$221:$Q$301,50),$Q$221:$Q$301,0)),"") -> Åmål | D155: =IFERROR(INDEX($P$221:$P$301,MATCH(LARGE($Q$221:$Q$301,50),$Q$221:$Q$301,0)),0) -> 168 | E155: =IFERROR(INDEX($O$221:$O$301,MATCH(LARGE($Q$221:$Q$301,50),$Q$221:$Q$301,0)),0) -> 876
A156: 51 | B156: =IFERROR(INDEX($A$221:$A$301,MATCH(LARGE($Q$221:$Q$301,51),$Q$221:$Q$301,0)),"") -> Anna-Karin Book | C156: =IFERROR(INDEX($B$221:$B$301,MATCH(LARGE($Q$221:$Q$301,51),$Q$221:$Q$301,0)),"") -> Majorna | D156: =IFERROR(INDEX($P$221:$P$301,MATCH(LARGE($Q$221:$Q$301,51),$Q$221:$Q$301,0)),0) -> 165 | E156: =IFERROR(INDEX($O$221:$O$301,MATCH(LARGE($Q$221:$Q$301,51),$Q$221:$Q$301,0)),0) -> 725
A157: 52 | B157: =IFERROR(INDEX($A$221:$A$301,MATCH(LARGE($Q$221:$Q$301,52),$Q$221:$Q$301,0)),"") -> Malin Svensson | C157: =IFERROR(INDEX($B$221:$B$301,MATCH(LARGE($Q$221:$Q$301,52),$Q$221:$Q$301,0)),"") -> Grimmered | D157: =IFERROR(INDEX($P$221:$P$301,MATCH(LARGE($Q$221:$Q$301,52),$Q$221:$Q$301,0)),0) -> 164 | E157: =IFERROR(INDEX($O$221:$O$301,MATCH(LARGE($Q$221:$Q$301,52),$Q$221:$Q$301,0)),0) -> 563
A158: 53 | B158: =IFERROR(INDEX($A$221:$A$301,MATCH(LARGE($Q$221:$Q$301,53),$Q$221:$Q$301,0)),"") -> Frida Eriksson Gustafsson | C158: =IFERROR(INDEX($B$221:$B$301,MATCH(LARGE($Q$221:$Q$301,53),$Q$221:$Q$301,0)),"") -> Åmål | D158: =IFERROR(INDEX($P$221:$P$301,MATCH(LARGE($Q$221:$Q$301,53),$Q$221:$Q$301,0)),0) -> 156 | E158: =IFERROR(INDEX($O$221:$O$301,MATCH(LARGE($Q$221:$Q$301,53),$Q$221:$Q$301,0)),0) -> 530
A159: 54 | B159: =IFERROR(INDEX($A$221:$A$301,MATCH(LARGE($Q$221:$Q$301,54),$Q$221:$Q$301,0)),"") -> Molly Lindmark | C159: =IFERROR(INDEX($B$221:$B$301,MATCH(LARGE($Q$221:$Q$301,54),$Q$221:$Q$301,0)),"") -> Karlastaden | D159: =IFERROR(INDEX($P$221:$P$301,MATCH(LARGE($Q$221:$Q$301,54),$Q$221:$Q$301,0)),0) -> 154 | E159: =IFERROR(INDEX($O$221:$O$301,MATCH(LARGE($Q$221:$Q$301,54),$Q$221:$Q$301,0)),0) -> 565
A160: 55 | B160: =IFERROR(INDEX($A$221:$A$301,MATCH(LARGE($Q$221:$Q$301,55),$Q$221:$Q$301,0)),"") -> Rana Baratifar | C160: =IFERROR(INDEX($B$221:$B$301,MATCH(LARGE($Q$221:$Q$301,55),$Q$221:$Q$301,0)),"") -> Frölunda Torg | D160: =IFERROR(INDEX($P$221:$P$301,MATCH(LARGE($Q$221:$Q$301,55),$Q$221:$Q$301,0)),0) -> 145 | E160: =IFERROR(INDEX($O$221:$O$301,MATCH(LARGE($Q$221:$Q$301,55),$Q$221:$Q$301,0)),0) -> 554
A161: 56 | B161: =IFERROR(INDEX($A$221:$A$301,MATCH(LARGE($Q$221:$Q$301,56),$Q$221:$Q$301,0)),"") -> Arvid Lennartsson | C161: =IFERROR(INDEX($B$221:$B$301,MATCH(LARGE($Q$221:$Q$301,56),$Q$221:$Q$301,0)),"") -> Pedagogen Park | D161: =IFERROR(INDEX($P$221:$P$301,MATCH(LARGE($Q$221:$Q$301,56),$Q$221:$Q$301,0)),0) -> 145 | E161: =IFERROR(INDEX($O$221:$O$301,MATCH(LARGE($Q$221:$Q$301,56),$Q$221:$Q$301,0)),0) -> 572
A162: 57 | B162: =IFERROR(INDEX($A$221:$A$301,MATCH(LARGE($Q$221:$Q$301,57),$Q$221:$Q$301,0)),"") -> Helena Ö | C162: =IFERROR(INDEX($B$221:$B$301,MATCH(LARGE($Q$221:$Q$301,57),$Q$221:$Q$301,0)),"") -> Olskroken | D162: =IFERROR(INDEX($P$221:$P$301,MATCH(LARGE($Q$221:$Q$301,57),$Q$221:$Q$301,0)),0) -> 129 | E162: =IFERROR(INDEX($O$221:$O$301,MATCH(LARGE($Q$221:$Q$301,57),$Q$221:$Q$301,0)),0) -> 647
A163: 58 | B163: =IFERROR(INDEX($A$221:$A$301,MATCH(LARGE($Q$221:$Q$301,58),$Q$221:$Q$301,0)),"") -> Helen/Ny FT | C163: =IFERROR(INDEX($B$221:$B$301,MATCH(LARGE($Q$221:$Q$301,58),$Q$221:$Q$301,0)),"") -> Majorna | D163: =IFERROR(INDEX($P$221:$P$301,MATCH(LARGE($Q$221:$Q$301,58),$Q$221:$Q$301,0)),0) -> 124 | E163: =IFERROR(INDEX($O$221:$O$301,MATCH(LARGE($Q$221:$Q$301,58),$Q$221:$Q$301,0)),0) -> 360
A164: 59 | B164: =IFERROR(INDEX($A$221:$A$301,MATCH(LARGE($Q$221:$Q$301,59),$Q$221:$Q$301,0)),"") -> Albin Kolberg | C164: =IFERROR(INDEX($B$221:$B$301,MATCH(LARGE($Q$221:$Q$301,59),$Q$221:$Q$301,0)),"") -> Tanum och Fjällbacka | D164: =IFERROR(INDEX($P$221:$P$301,MATCH(LARGE($Q$221:$Q$301,59),$Q$221:$Q$301,0)),0) -> 121 | E164: =IFERROR(INDEX($O$221:$O$301,MATCH(LARGE($Q$221:$Q$301,59),$Q$221:$Q$301,0)),0) -> 323
A165: 60 | B165: =IFERROR(INDEX($A$221:$A$301,MATCH(LARGE($Q$221:$Q$301,60),$Q$221:$Q$301,0)),"") -> Emma Holmström | C165: =IFERROR(INDEX($B$221:$B$301,MATCH(LARGE($Q$221:$Q$301,60),$Q$221:$Q$301,0)),"") -> Lilla Edet | D165: =IFERROR(INDEX($P$221:$P$301,MATCH(LARGE($Q$221:$Q$301,60),$Q$221:$Q$301,0)),0) -> 115 | E165: =IFERROR(INDEX($O$221:$O$301,MATCH(LARGE($Q$221:$Q$301,60),$Q$221:$Q$301,0)),0) -> 516
A166: 61 | B166: =IFERROR(INDEX($A$221:$A$301,MATCH(LARGE($Q$221:$Q$301,61),$Q$221:$Q$301,0)),"") -> Lena | C166: =IFERROR(INDEX($B$221:$B$301,MATCH(LARGE($Q$221:$Q$301,61),$Q$221:$Q$301,0)),"") -> Majorna | D166: =IFERROR(INDEX($P$221:$P$301,MATCH(LARGE($Q$221:$Q$301,61),$Q$221:$Q$301,0)),0) -> 110 | E166: =IFERROR(INDEX($O$221:$O$301,MATCH(LARGE($Q$221:$Q$301,61),$Q$221:$Q$301,0)),0) -> 409
...

Sheet Prognos April
A1: 📈 PROGNOS APRIL 2026
A2: Baserat på 14 av 20 arbetsdagar registrerade (6 dagar kvar)
A4: 🎯 ANTAGANDEN
A5: Arbetsdagar april totalt | B5: 20
A6: Arbetsdagar gjorda | B6: 14
A7: Arbetsdagar kvar | B7: =B5-B6 -> 6
A8: Arbetsdagar Q1 | B8: 63
A10: 🏢 PROGNOS PER ENHET
A12: Enhet | B12: April hittills | C12: Q1 Actual | D12: Dagstakt april | E12: Dagstakt Q1 | F12: Blandad takt | G12: Prognos 6 dagar | H12: Prognos april | I12: Budget april | J12: Avvikelse | K12: Uppfyllnad %
A13: Frölunda Torg | B13: ='Enheterna AO VGR'!E16 -> 828 | C13: =SUM('Enheterna AO VGR'!B16:D16) -> 2566 | D13: =B13/$B$6 -> 59.142857 | E13: =C13/$B$8 -> 40.730159 | F13: =(D13+E13)/2 -> 49.936508 | G13: =F13*$B$7 -> 299.61905 | H13: =B13+G13 -> 1127.619 | I13: ='Enheterna AO VGR'!E17 -> 1066 | J13: =H13-I13 -> 61.619048 | K13: =H13/I13 -> 1.057804
A14: Grimmered | B14: ='Enheterna AO VGR'!E22 -> 1072 | C14: =SUM('Enheterna AO VGR'!B22:D22) -> 2702 | D14: =B14/$B$6 -> 76.571429 | E14: =C14/$B$8 -> 42.888889 | F14: =(D14+E14)/2 -> 59.730159 | G14: =F14*$B$7 -> 358.38095 | H14: =B14+G14 -> 1430.381 | I14: ='Enheterna AO VGR'!E23 -> 1020 | J14: =H14-I14 -> 410.38095 | K14: =H14/I14 -> 1.4023343
A15: Majorna | B15: ='Enheterna AO VGR'!E28 -> 836 | C15: =SUM('Enheterna AO VGR'!B28:D28) -> 2859 | D15: =B15/$B$6 -> 59.714286 | E15: =C15/$B$8 -> 45.380952 | F15: =(D15+E15)/2 -> 52.547619 | G15: =F15*$B$7 -> 315.28571 | H15: =B15+G15 -> 1151.2857 | I15: ='Enheterna AO VGR'!E29 -> 1232 | J15: =H15-I15 -> -80.714286 | K15: =H15/I15 -> 0.93448516
A16: Pedagogen Park | B16: ='Enheterna AO VGR'!E34 -> 680 | C16: =SUM('Enheterna AO VGR'!B34:D34) -> 1799 | D16: =B16/$B$6 -> 48.571429 | E16: =C16/$B$8 -> 28.555556 | F16: =(D16+E16)/2 -> 38.563492 | G16: =F16*$B$7 -> 231.38095 | H16: =B16+G16 -> 911.38095 | I16: ='Enheterna AO VGR'!E35 -> 735 | J16: =H16-I16 -> 176.38095 | K16: =H16/I16 -> 1.2399741
A17: Åby | B17: ='Enheterna AO VGR'!E40 -> 941 | C17: =SUM('Enheterna AO VGR'!B40:D40) -> 3083 | D17: =B17/$B$6 -> 67.214286 | E17: =C17/$B$8 -> 48.936508 | F17: =(D17+E17)/2 -> 58.075397 | G17: =F17*$B$7 -> 348.45238 | H17: =B17+G17 -> 1289.4524 | I17: ='Enheterna AO VGR'!E41 -> 1050 | J17: =H17-I17 -> 239.45238 | K17: =H17/I17 -> 1.2280499
A18: Olskroken | B18: ='Enheterna AO VGR'!E46 -> 754 | C18: =SUM('Enheterna AO VGR'!B46:D46) -> 1670 | D18: =B18/$B$6 -> 53.857143 | E18: =C18/$B$8 -> 26.507937 | F18: =(D18+E18)/2 -> 40.18254 | G18: =F18*$B$7 -> 241.09524 | H18: =B18+G18 -> 995.09524 | I18: ='Enheterna AO VGR'!E47 -> 805 | J18: =H18-I18 -> 190.09524 | K18: =H18/I18 -> 1.2361432
A19: Avenyn | B19: ='Enheterna AO VGR'!E52 -> 997 | C19: =SUM('Enheterna AO VGR'!B52:D52) -> 3049 | D19: =B19/$B$6 -> 71.214286 | E19: =C19/$B$8 -> 48.396825 | F19: =(D19+E19)/2 -> 59.805556 | G19: =F19*$B$7 -> 358.83333 | H19: =B19+G19 -> 1355.8333 | I19: ='Enheterna AO VGR'!E53 -> 1180 | J19: =H19-I19 -> 175.83333 | K19: =H19/I19 -> 1.1490113
A20: Karlastaden | B20: ='Enheterna AO VGR'!E58 -> 325 | C20: =SUM('Enheterna AO VGR'!B58:D58) -> 782 | D20: =B20/$B$6 -> 23.214286 | E20: =C20/$B$8 -> 12.412698 | F20: =(D20+E20)/2 -> 17.813492 | G20: =F20*$B$7 -> 106.88095 | H20: =B20+G20 -> 431.88095 | I20: ='Enheterna AO VGR'!E59 -> 520 | J20: =H20-I20 -> -88.119048 | K20: =H20/I20 -> 0.83054029
A21: Tanum och Fjällbacka | B21: ='Enheterna AO VGR'!E64 -> 1281 | C21: =SUM('Enheterna AO VGR'!B64:D64) -> 3702 | D21: =B21/$B$6 -> 91.5 | E21: =C21/$B$8 -> 58.761905 | F21: =(D21+E21)/2 -> 75.130952 | G21: =F21*$B$7 -> 450.78571 | H21: =B21+G21 -> 1731.7857 | I21: ='Enheterna AO VGR'!E65 -> 1126 | J21: =H21-I21 -> 605.78571 | K21: =H21/I21 -> 1.537998
A22: Brålanda-Torpa | B22: ='Enheterna AO VGR'!E70 -> 1291 | C22: =SUM('Enheterna AO VGR'!B70:D70) -> 3226 | D22: =B22/$B$6 -> 92.214286 | E22: =C22/$B$8 -> 51.206349 | F22: =(D22+E22)/2 -> 71.710317 | G22: =F22*$B$7 -> 430.2619 | H22: =B22+G22 -> 1721.2619 | I22: ='Enheterna AO VGR'!E71 -> 1210 | J22: =H22-I22 -> 511.2619 | K22: =H22/I22 -> 1.4225305
A23: Noltrop | B23: ='Enheterna AO VGR'!E76 -> 2018 | C23: =SUM('Enheterna AO VGR'!B76:D76) -> 5034 | D23: =B23/$B$6 -> 144.14286 | E23: =C23/$B$8 -> 79.904762 | F23: =(D23+E23)/2 -> 112.02381 | G23: =F23*$B$7 -> 672.14286 | H23: =B23+G23 -> 2690.1429 | I23: ='Enheterna AO VGR'!E77 -> 1923 | J23: =H23-I23 -> 767.14286 | K23: =H23/I23 -> 1.3989302
A24: Lilla Edet | B24: ='Enheterna AO VGR'!E82 -> 509 | C24: =SUM('Enheterna AO VGR'!B82:D82) -> 1772 | D24: =B24/$B$6 -> 36.357143 | E24: =C24/$B$8 -> 28.126984 | F24: =(D24+E24)/2 -> 32.242063 | G24: =F24*$B$7 -> 193.45238 | H24: =B24+G24 -> 702.45238 | I24: ='Enheterna AO VGR'!E83 -> 924 | J24: =H24-I24 -> -221.54762 | K24: =H24/I24 -> 0.76022985
A25: Stavre | B25: ='Enheterna AO VGR'!E88 -> 1146 | C25: =SUM('Enheterna AO VGR'!B88:D88) -> 3086 | D25: =B25/$B$6 -> 81.857143 | E25: =C25/$B$8 -> 48.984127 | F25: =(D25+E25)/2 -> 65.420635 | G25: =F25*$B$7 -> 392.52381 | H25: =B25+G25 -> 1538.5238 | I25: ='Enheterna AO VGR'!E89 -> 1050 | J25: =H25-I25 -> 488.52381 | K25: =H25/I25 -> 1.4652608
A26: Åmål | B26: ='Enheterna AO VGR'!E94 -> 1187 | C26: =SUM('Enheterna AO VGR'!B94:D94) -> 3244 | D26: =B26/$B$6 -> 84.785714 | E26: =C26/$B$8 -> 51.492063 | F26: =(D26+E26)/2 -> 68.138889 | G26: =F26*$B$7 -> 408.83333 | H26: =B26+G26 -> 1595.8333 | I26: ='Enheterna AO VGR'!E95 -> 1495 | J26: =H26-I26 -> 100.83333 | K26: =H26/I26 -> 1.067447
A28: TOTALT ALLA ENHETER | B28: =SUM(B13:B26) -> 13865 | C28: =SUM(C13:C26) -> 38574 | D28: =B28/$B$6 -> 990.35714 | E28: =C28/$B$8 -> 612.28571 | F28: =(D28+E28)/2 -> 801.32143 | G28: =SUM(G13:G26) -> 4807.9286 | H28: =SUM(H13:H26) -> 18672.929 | I28: =SUM(I13:I26) -> 15336 | J28: =H28-I28 -> 3336.9286 | K28: =H28/I28 -> 1.2175879
A30: 📊 SAMMANFATTNING
A32: Prognos april (totalt) | B32: =H28 -> 18672.929
A33: Budget april | B33: =I28 -> 15336
A34: Avvikelse | B34: =J28 -> 3336.9286
A35: Uppfyllnadsgrad | B35: =K28 -> 1.2175879
A37: Enheter över budget | B37: =COUNTIF(K13:K26,">=1") -> 11
A38: Enheter under budget | B38: =COUNTIF(K13:K26,"<1") -> 3
A39: Bästa enhet | B39: =INDEX(A13:A26,MATCH(MAX(K13:K26),K13:K26,0)) -> Tanum och Fjällbacka
A40: Sämsta enhet | B40: =INDEX(A13:A26,MATCH(MIN(K13:K26),K13:K26,0)) -> Lilla Edet

Sheet Enheterna AO VGR
A1: Uttag poäng datum; | B1: 46063 | C1: 46086 | D1: 46106
A2: Skillnad poäng (ACT) och poäng (Budget) Stor-GBG | B2: Jan | C2: Feb | D2: Mar | E2: Apr | F2: Maj | G2: Jun | H2: Jul | I2: Aug | J2: Sep | K2: Okt | L2: Nov | M2: Dec
A3: Poäng ACTUAL | B3: =B16+B22+B28+B34+B40+B46+B52+B58 -> 5501 | C3: =C16+C22+C28+C34+C40+C46+C52+C58 -> 5974 | D3: =D16+D22+D28+D34+D40+D46+D52+D58 -> 7035 | E3: =E16+E22+E28+E34+E40+E46+E52+E58 -> 6433 | F3: =F16+F22+F28+F34+F40+F46+F52+F58 -> 0 | G3: =G16+G22+G28+G34+G40+G46+G52+G58 -> 0 | H3: =H16+H22+H28+H34+H40+H46+H52+H58 -> 0 | I3: =I16+I22+I28+I34+I40+I46+I52+I58 -> 0 | ... M3: =M16+M22+M28+M34+M40+M46+M52+M58 -> 0
A4: Poäng Budget | B4: =B17+B23+B29+B35+B41+B47+B53+B59 -> 6849 | C4: =C17+C23+C29+C35+C41+C47+C53+C59 -> 7385 | D4: =D17+D23+D29+D35+D41+D47+D53+D59 -> 7974 | E4: =E17+E23+E29+E35+E41+E47+E53+E59 -> 7608 | F4: =F17+F23+F29+F35+F41+F47+F53+F59 -> 7968 | G4: =G17+G23+G29+G35+G41+G47+G53+G59 -> 7390 | H4: =H17+H23+H29+H35+H41+H47+H53+H59 -> 3621 | I4: =I17+I23+I29+I35+I41+I47+I53+I59 -> 5280 | ... M4: =M17+M23+M29+M35+M41+M47+M53+M59 -> 7005
A5: Skillnad | B5: =B3-B4 -> -1348 | C5: =C3-C4 -> -1411 | D5: =D3-D4 -> -939 | E5: =E3-E4 -> -1175 | F5: =F3-F4 -> -7968 | G5: =G3-G4 -> -7390 | H5: =H3-H4 -> -3621 | I5: =I3-I4 -> -5280 | ... M5: =M3-M4 -> -7005
A6: % avvik mot Budget | B6: =SUM(B5/B4) -> -0.19681705 | C6: =SUM(C5/C4) -> -0.19106297 | D6: =SUM(D5/D4) -> -0.11775771 | E6: =SUM(E5/E4) -> -0.15444269 | F6: =SUM(F5/F4) -> -1 | G6: =SUM(G5/G4) -> -1 | H6: =SUM(H5/H4) -> -1 | I6: =SUM(I5/I4) -> -1 | ... M6: =SUM(M5/M4) -> -1
A8: Skillnad poäng (ACT) och poäng (Budget) Tätort | B8: Jan | C8: Feb | D8: Mar | E8: Apr | F8: Maj | G8: Jun | H8: Jul | I8: Aug | J8: Sep | K8: Okt | L8: Nov | M8: Dec
A9: Poäng ACTUAL | B9: =B64+B70+B76+B82+B88+B94 -> 5989 | C9: =C64+C70+C76+C82+C88+C94 -> 6570 | D9: =D64+D70+D76+D82+D88+D94 -> 7505 | E9: =E64+E70+E76+E82+E88+E94 -> 7432 | F9: =F64+F70+F76+F82+F88+F94 -> 0 | G9: =G64+G70+G76+G82+G88+G94 -> 0 | H9: =H64+H70+H76+H82+H88+H94 -> 0 | I9: =I64+I70+I76+I82+I88+I94 -> 0 | ... M9: =M64+M70+M76+M82+M88+M94 -> 0
A10: Poäng Budget | B10: =B65+B71+B77+B83+B89+B95 -> 7192 | C10: =C65+C71+C77+C83+C89+C95 -> 7683 | D10: =D65+D71+D77+D83+D89+D95 -> 8218 | E10: =E65+E71+E77+E83+E89+E95 -> 7728 | F10: =F65+F71+F77+F83+F89+F95 -> 7960 | G10: =G65+G71+G77+G83+G89+G95 -> 6596 | H10: =H65+H71+H77+H83+H89+H95 -> 3844 | I10: =I65+I71+I77+I83+I89+I95 -> 6062 | ... M10: =M65+M71+M77+M83+M89+M95 -> 7805
A11: Skillnad | B11: =B9-B10 -> -1203 | C11: =C9-C10 -> -1113 | D11: =D9-D10 -> -713 | E11: =E9-E10 -> -296 | F11: =F9-F10 -> -7960 | G11: =G9-G10 -> -6596 | H11: =H9-H10 -> -3844 | I11: =I9-I10 -> -6062 | ... M11: =M9-M10 -> -7805
A12: % avvik mot Budget | B12: =SUM(B11/B10) -> -0.16726919 | C12: =SUM(C11/C10) -> -0.14486529 | D12: =SUM(D11/D10) -> -0.086760769 | E12: =SUM(E11/E10) -> -0.038302277 | F12: =SUM(F11/F10) -> -1 | G12: =SUM(G11/G10) -> -1 | H12: =SUM(H11/H10) -> -1 | I12: =SUM(I11/I10) -> -1 | ... M12: =SUM(M11/M10) -> -1
A14: Enheterna;
A15: Frölunda Torget | B15: Jan | C15: Feb | D15: Mar | E15: Apr | F15: Maj | G15: Jun | H15: Jul | I15: Aug | J15: Sep | K15: Okt | L15: Nov | M15: Dec
A16: Poäng ACTUAL | B16: ='Frölunda Torg'!B18 -> 783 | C16: ='Frölunda Torg'!C18 -> 900 | D16: ='Frölunda Torg'!D18 -> 883 | E16: ='Frölunda Torg'!E18 -> 828 | F16: ='Frölunda Torg'!F18 -> 0 | G16: ='Frölunda Torg'!G18 -> 0 | H16: ='Frölunda Torg'!H18 -> 0 | I16: ='Frölunda Torg'!I18 -> 0 | ... M16: ='Frölunda Torg'!M18 -> 0
A17: Poäng Budget | B17: ='Frölunda Torg'!B39 -> 1120 | C17: ='Frölunda Torg'!C39 -> 1076 | D17: ='Frölunda Torg'!D39 -> 1106 | E17: ='Frölunda Torg'!E39 -> 1066 | F17: ='Frölunda Torg'!F39 -> 1076 | G17: ='Frölunda Torg'!G39 -> 1010 | H17: ='Frölunda Torg'!H39 -> 456 | I17: ='Frölunda Torg'!I39 -> 720 | ... M17: ='Frölunda Torg'!M39 -> 1040
A18: Skillnad | B18: =B16-B17 -> -337 | C18: =C16-C17 -> -176 | D18: =D16-D17 -> -223 | E18: =E16-E17 -> -238 | F18: =F16-F17 -> -1076 | G18: =G16-G17 -> -1010 | H18: =H16-H17 -> -456 | I18: =I16-I17 -> -720 | ... M18: =M16-M17 -> -1040
A19: % avvik mot Budget | B19: =SUM(B18/B17) -> -0.30089286 | C19: =SUM(C18/C17) -> -0.16356877 | D19: =SUM(D18/D17) -> -0.20162749 | E19: =SUM(E18/E17) -> -0.22326454 | F19: =SUM(F18/F17) -> -1 | G19: =SUM(G18/G17) -> -1 | H19: =SUM(H18/H17) -> -1 | I19: =SUM(I18/I17) -> -1 | ... M19: =SUM(M18/M17) -> -1
A21: Grimmered | B21: Jan | C21: Feb | D21: Mar | E21: Apr | F21: Maj | G21: Jun | H21: Jul | I21: Aug | J21: Sep | K21: Okt | L21: Nov | M21: Dec
A22: Poäng ACTUAL | B22: =SUM(Grimmered!B18) -> 754 | C22: =SUM(Grimmered!C18) -> 884 | D22: =SUM(Grimmered!D18) -> 1064 | E22: =SUM(Grimmered!E18) -> 1072 | F22: =SUM(Grimmered!F18) -> 0 | G22: =SUM(Grimmered!G18) -> 0 | H22: =SUM(Grimmered!H18) -> 0 | I22: =SUM(Grimmered!I18) -> 0 | ... M22: =SUM(Grimmered!M18) -> 0
A23: Poäng Budget | B23: =SUM(Grimmered!B39) -> 1005 | C23: =SUM(Grimmered!C39) -> 1045 | D23: =SUM(Grimmered!D39) -> 1045 | E23: =SUM(Grimmered!E39) -> 1020 | F23: =SUM(Grimmered!F39) -> 1025 | G23: =SUM(Grimmered!G39) -> 1045 | H23: =SUM(Grimmered!H39) -> 500 | I23: =SUM(Grimmered!I39) -> 530 | ... M23: =SUM(Grimmered!M39) -> 960
A24: Skillnad | B24: =B22-B23 -> -251 | C24: =C22-C23 -> -161 | D24: =D22-D23 -> 19 | E24: =E22-E23 -> 52 | F24: =F22-F23 -> -1025 | G24: =G22-G23 -> -1045 | H24: =H22-H23 -> -500 | I24: =I22-I23 -> -530 | ... M24: =M22-M23 -> -960
A25: % avvik mot Budget | B25: =SUM(B24/B23) -> -0.24975124 | C25: =SUM(C24/C23) -> -0.15406699 | D25: =SUM(D24/D23) -> 0.018181818 | E25: =SUM(E24/E23) -> 0.050980392 | F25: =SUM(F24/F23) -> -1 | G25: =SUM(G24/G23) -> -1 | H25: =SUM(H24/H23) -> -1 | I25: =SUM(I24/I23) -> -1 | ... M25: =SUM(M24/M23) -> -1
A27: Majorna | B27: Jan | C27: Feb | D27: Mar | E27: Apr | F27: Maj | G27: Jun | H27: Jul | I27: Aug | J27: Sep | K27: Okt | L27: Nov | M27: Dec
A28: Poäng ACTUAL | B28: =SUM(Majorna!B18) -> 894 | C28: =SUM(Majorna!C18) -> 962 | D28: =SUM(Majorna!D18) -> 1003 | E28: =SUM(Majorna!E18) -> 836 | F28: =SUM(Majorna!F18) -> 0 | G28: =SUM(Majorna!G18) -> 0 | H28: =SUM(Majorna!H18) -> 0 | I28: =SUM(Majorna!I18) -> 0 | ... M28: =SUM(Majorna!M18) -> 0
A29: Poäng Budget | B29: =SUM(Majorna!B39) -> 987 | C29: =SUM(Majorna!C39) -> 1132 | D29: =SUM(Majorna!D39) -> 1197 | E29: =SUM(Majorna!E39) -> 1232 | F29: =SUM(Majorna!F39) -> 1242 | G29: =SUM(Majorna!G39) -> 1020 | H29: =SUM(Majorna!H39) -> 560 | I29: =SUM(Majorna!I39) -> 660 | ... M29: =SUM(Majorna!M39) -> 1050
A30: Skillnad | B30: =B28-B29 -> -93 | C30: =C28-C29 -> -170 | D30: =D28-D29 -> -194 | E30: =E28-E29 -> -396 | F30: =F28-F29 -> -1242 | G30: =G28-G29 -> -1020 | H30: =H28-H29 -> -560 | I30: =I28-I29 -> -660 | ... M30: =M28-M29 -> -1050
A31: % avvik mot Budget | B31: =SUM(B30/B29) -> -0.094224924 | C31: =SUM(C30/C29) -> -0.15017668 | D31: =SUM(D30/D29) -> -0.16207185 | E31: =SUM(E30/E29) -> -0.32142857 | F31: =SUM(F30/F29) -> -1 | G31: =SUM(G30/G29) -> -1 | H31: =SUM(H30/H29) -> -1 | I31: =SUM(I30/I29) -> -1 | ... M31: =SUM(M30/M29) -> -1
A33: Pedagogen Park | B33: Jan | C33: Feb | D33: Mar | E33: Apr | F33: Maj | G33: Jun | H33: Jul | I33: Aug | J33: Sep | K33: Okt | L33: Nov | M33: Dec
A34: Poäng ACTUAL | B34: ='Pedagogen Park'!B18 -> 478 | C34: ='Pedagogen Park'!C18 -> 532 | D34: ='Pedagogen Park'!D18 -> 789 | E34: ='Pedagogen Park'!E18 -> 680 | F34: ='Pedagogen Park'!F18 -> 0 | G34: ='Pedagogen Park'!G18 -> 0 | H34: ='Pedagogen Park'!H18 -> 0 | I34: ='Pedagogen Park'!I18 -> 0 | ... M34: ='Pedagogen Park'!M18 -> 0
A35: Poäng Budget | B35: ='Pedagogen Park'!B39 -> 600 | C35: ='Pedagogen Park'!C39 -> 660 | D35: ='Pedagogen Park'!D39 -> 730 | E35: ='Pedagogen Park'!E39 -> 735 | F35: ='Pedagogen Park'!F39 -> 760 | G35: ='Pedagogen Park'!G39 -> 800 | H35: ='Pedagogen Park'!H39 -> 600 | I35: ='Pedagogen Park'!I39 -> 660 | ... M35: ='Pedagogen Park'!M39 -> 675
A36: Skillnad | B36: =B34-B35 -> -122 | C36: =C34-C35 -> -128 | D36: =D34-D35 -> 59 | E36: =E34-E35 -> -55 | F36: =F34-F35 -> -760 | G36: =G34-G35 -> -800 | H36: =H34-H35 -> -600 | I36: =I34-I35 -> -660 | ... M36: =M34-M35 -> -675
A37: % avvik mot Budget | B37: =SUM(B36/B35) -> -0.20333333 | C37: =SUM(C36/C35) -> -0.19393939 | D37: =SUM(D36/D35) -> 0.080821918 | E37: =SUM(E36/E35) -> -0.074829932 | F37: =SUM(F36/F35) -> -1 | G37: =SUM(G36/G35) -> -1 | H37: =SUM(H36/H35) -> -1 | I37: =SUM(I36/I35) -> -1 | ... M37: =SUM(M36/M35) -> -1
A39: Åby | B39: Jan | C39: Feb | D39: Mar | E39: Apr | F39: Maj | G39: Jun | H39: Jul | I39: Aug | J39: Sep | K39: Okt | L39: Nov | M39: Dec
A40: Poäng ACTUAL | B40: =SUM(Åby!B18) -> 926 | C40: =SUM(Åby!C18) -> 1054 | D40: =SUM(Åby!D18) -> 1103 | E40: =SUM(Åby!E18) -> 941 | F40: =SUM(Åby!F18) -> 0 | G40: =SUM(Åby!G18) -> 0 | H40: =SUM(Åby!H18) -> 0 | I40: =SUM(Åby!I18) -> 0 | ... M40: =SUM(Åby!M18) -> 0
A41: Poäng Budget | B41: =SUM(Åby!B39) -> 890 | C41: =SUM(Åby!C39) -> 1105 | D41: =SUM(Åby!D39) -> 1295 | E41: =SUM(Åby!E39) -> 1050 | F41: =SUM(Åby!F39) -> 1180 | G41: =SUM(Åby!G39) -> 890 | H41: =SUM(Åby!H39) -> 240 | I41: =SUM(Åby!I39) -> 1040 | ... M41: =SUM(Åby!M39) -> 1040
A42: Skillnad | B42: =B40-B41 -> 36 | C42: =C40-C41 -> -51 | D42: =D40-D41 -> -192 | E42: =E40-E41 -> -109 | F42: =F40-F41 -> -1180 | G42: =G40-G41 -> -890 | H42: =H40-H41 -> -240 | I42: =I40-I41 -> -1040 | ... M42: =M40-M41 -> -1040
A43: % avvik mot Budget | B43: =SUM(B42/B41) -> 0.040449438 | C43: =SUM(C42/C41) -> -0.046153846 | D43: =SUM(D42/D41) -> -0.14826255 | E43: =SUM(E42/E41) -> -0.10380952 | F43: =SUM(F42/F41) -> -1 | G43: =SUM(G42/G41) -> -1 | H43: =SUM(H42/H41) -> -1 | I43: =SUM(I42/I41) -> -1 | ... M43: =SUM(M42/M41) -> -1
A45: Olskroken | B45: Jan | C45: Feb | D45: Mar | E45: Apr | F45: Maj | G45: Jun | H45: Jul | I45: Aug | J45: Sep | K45: Okt | L45: Nov | M45: Dec
A46: Poäng ACTUAL | B46: =SUM(Olskroken!B18) -> 554 | C46: =SUM(Olskroken!C18) -> 488 | D46: =SUM(Olskroken!D18) -> 628 | E46: =SUM(Olskroken!E18) -> 754 | F46: =SUM(Olskroken!F18) -> 0 | G46: =SUM(Olskroken!G18) -> 0 | H46: =SUM(Olskroken!H18) -> 0 | I46: =SUM(Olskroken!I18) -> 0 | ... M46: =SUM(Olskroken!M18) -> 0
A47: Poäng Budget | B47: =SUM(Olskroken!B39) -> 625 | C47: =SUM(Olskroken!C39) -> 710 | D47: =SUM(Olskroken!D39) -> 795 | E47: =SUM(Olskroken!E39) -> 805 | F47: =SUM(Olskroken!F39) -> 875 | G47: =SUM(Olskroken!G39) -> 845 | H47: =SUM(Olskroken!H39) -> 380 | I47: =SUM(Olskroken!I39) -> 545 | ... M47: =SUM(Olskroken!M39) -> 660
A48: Skillnad | B48: =B46-B47 -> -71 | C48: =C46-C47 -> -222 | D48: =D46-D47 -> -167 | E48: =E46-E47 -> -51 | F48: =F46-F47 -> -875 | G48: =G46-G47 -> -845 | H48: =H46-H47 -> -380 | I48: =I46-I47 -> -545 | ... M48: =M46-M47 -> -660
A49: % avvik mot Budget | B49: =SUM(B48/B47) -> -0.1136 | C49: =SUM(C48/C47) -> -0.31267606 | D49: =SUM(D48/D47) -> -0.21006289 | E49: =SUM(E48/E47) -> -0.063354037 | F49: =SUM(F48/F47) -> -1 | G49: =SUM(G48/G47) -> -1 | H49: =SUM(H48/H47) -> -1 | I49: =SUM(I48/I47) -> -1 | ... M49: =SUM(M48/M47) -> -1
A51: Avenyn | B51: Jan | C51: Feb | D51: Mar | E51: Apr | F51: Maj | G51: Jun | H51: Jul | I51: Aug | J51: Sep | K51: Okt | L51: Nov | M51: Dec
A52: Poäng ACTUAL | B52: =Avenyn!B18 -> 886 | C52: =Avenyn!C18 -> 910 | D52: =Avenyn!D18 -> 1253 | E52: =Avenyn!E18 -> 997 | F52: =Avenyn!F18 -> 0 | G52: =Avenyn!G18 -> 0 | H52: =Avenyn!H18 -> 0 | I52: =Avenyn!I18 -> 0 | ... M52: =Avenyn!M18 -> 0
A53: Poäng Budget | B53: =Avenyn!B39 -> 1170 | C53: =Avenyn!C39 -> 1175 | D53: =Avenyn!D39 -> 1280 | E53: =Avenyn!E39 -> 1180 | F53: =Avenyn!F39 -> 1290 | G53: =Avenyn!G39 -> 1300 | H53: =Avenyn!H39 -> 660 | I53: =Avenyn!I39 -> 860 | ... M53: =Avenyn!M39 -> 1140
A54: Skillnad | B54: =B52-B53 -> -284 | C54: =C52-C53 -> -265 | D54: =D52-D53 -> -27 | E54: =E52-E53 -> -183 | F54: =F52-F53 -> -1290 | G54: =G52-G53 -> -1300 | H54: =H52-H53 -> -660 | I54: =I52-I53 -> -860 | ... M54: =M52-M53 -> -1140
A55: % avvik mot Budget | B55: =SUM(B54/B53) -> -0.24273504 | C55: =SUM(C54/C53) -> -0.22553191 | D55: =SUM(D54/D53) -> -0.02109375 | E55: =SUM(E54/E53) -> -0.15508475 | F55: =SUM(F54/F53) -> -1 | G55: =SUM(G54/G53) -> -1 | H55: =SUM(H54/H53) -> -1 | I55: =SUM(I54/I53) -> -1 | ... M55: =SUM(M54/M53) -> -1
A57: Karlastaden | B57: Jan | C57: Feb | D57: Mar | E57: Apr | F57: Maj | G57: Jun | H57: Jul | I57: Aug | J57: Sep | K57: Okt | L57: Nov | M57: Dec
A58: Poäng ACTUAL | B58: =Karlastaden!B18 -> 226 | C58: =Karlastaden!C18 -> 244 | D58: =Karlastaden!D18 -> 312 | E58: =Karlastaden!E18 -> 325 | F58: =Karlastaden!F18 -> 0 | G58: =Karlastaden!G18 -> 0 | H58: =Karlastaden!H18 -> 0 | I58: =Karlastaden!I18 -> 0 | ... M58: =Karlastaden!M18 -> 0
A59: Poäng Budget | B59: =Karlastaden!B39 -> 452 | C59: =Karlastaden!C39 -> 482 | D59: =Karlastaden!D39 -> 526 | E59: =Karlastaden!E39 -> 520 | F59: =Karlastaden!F39 -> 520 | G59: =Karlastaden!G39 -> 480 | H59: =Karlastaden!H39 -> 225 | I59: =Karlastaden!I39 -> 265 | ... M59: =Karlastaden!M39 -> 440
A60: Skillnad | B60: =B58-B59 -> -226 | C60: =C58-C59 -> -238 | D60: =D58-D59 -> -214 | E60: =E58-E59 -> -195 | F60: =F58-F59 -> -520 | G60: =G58-G59 -> -480 | H60: =H58-H59 -> -225 | I60: =I58-I59 -> -265 | ... M60: =M58-M59 -> -440
A61: % avvik mot Budget | B61: =SUM(B60/B59) -> -0.5 | C61: =SUM(C60/C59) -> -0.49377593 | D61: =SUM(D60/D59) -> -0.40684411 | E61: =SUM(E60/E59) -> -0.375 | F61: =SUM(F60/F59) -> -1 | G61: =SUM(G60/G59) -> -1 | H61: =SUM(H60/H59) -> -1 | I61: =SUM(I60/I59) -> -1 | ... M61: =SUM(M60/M59) -> -1
A63: Tanum och Fjällbacka | B63: Jan | C63: Feb | D63: Mar | E63: Apr | F63: Maj | G63: Jun | H63: Jul | I63: Aug | J63: Sep | K63: Okt | L63: Nov | M63: Dec
A64: Poäng ACTUAL | B64: ='Tanum och Fjällbacka'!B18 -> 1084 | C64: ='Tanum och Fjällbacka'!C18 -> 1229 | D64: ='Tanum och Fjällbacka'!D18 -> 1389 | E64: ='Tanum och Fjällbacka'!E18 -> 1281 | F64: ='Tanum och Fjällbacka'!F18 -> 0 | G64: ='Tanum och Fjällbacka'!G18 -> 0 | H64: ='Tanum och Fjällbacka'!H18 -> 0 | I64: ='Tanum och Fjällbacka'!I18 -> 0 | ... M64: ='Tanum och Fjällbacka'!M18 -> 0
A65: Poäng Budget | B65: ='Tanum och Fjällbacka'!B39 -> 1040 | C65: ='Tanum och Fjällbacka'!C39 -> 1036 | D65: ='Tanum och Fjällbacka'!D39 -> 1192 | E65: ='Tanum och Fjällbacka'!E39 -> 1126 | F65: ='Tanum och Fjällbacka'!F39 -> 1144 | G65: ='Tanum och Fjällbacka'!G39 -> 977 | H65: ='Tanum och Fjällbacka'!H39 -> 707 | I65: ='Tanum och Fjällbacka'!I39 -> 1068 | ... M65: ='Tanum och Fjällbacka'!M39 -> 1034
A66: Skillnad | B66: =B64-B65 -> 44 | C66: =C64-C65 -> 193 | D66: =D64-D65 -> 197 | E66: =E64-E65 -> 155 | F66: =F64-F65 -> -1144 | G66: =G64-G65 -> -977 | H66: =H64-H65 -> -707 | I66: =I64-I65 -> -1068 | ... M66: =M64-M65 -> -1034
A67: % avvik mot Budget | B67: =SUM(B66/B65) -> 0.042307692 | C67: =SUM(C66/C65) -> 0.18629344 | D67: =SUM(D66/D65) -> 0.16526846 | E67: =SUM(E66/E65) -> 0.13765542 | F67: =SUM(F66/F65) -> -1 | G67: =SUM(G66/G65) -> -1 | H67: =SUM(H66/H65) -> -1 | I67: =SUM(I66/I65) -> -1 | ... M67: =SUM(M66/M65) -> -1
A69: Brålanda-Torpa | B69: Jan | C69: Feb | D69: Mar | E69: Apr | F69: Maj | G69: Jun | H69: Jul | I69: Aug | J69: Sep | K69: Okt | L69: Nov | M69: Dec
A70: Poäng ACTUAL | B70: ='Brålanda-Torpa'!B18 -> 958 | C70: ='Brålanda-Torpa'!C18 -> 1192 | D70: ='Brålanda-Torpa'!D18 -> 1076 | E70: ='Brålanda-Torpa'!E18 -> 1291 | F70: ='Brålanda-Torpa'!F18 -> 0 | G70: ='Brålanda-Torpa'!G18 -> 0 | H70: ='Brålanda-Torpa'!H18 -> 0 | I70: ='Brålanda-Torpa'!I18 -> 0 | ... M70: ='Brålanda-Torpa'!M18 -> 0
A71: Poäng Budget | B71: ='Brålanda-Torpa'!B39 -> 1125 | C71: ='Brålanda-Torpa'!C39 -> 1325 | D71: ='Brålanda-Torpa'!D39 -> 1325 | E71: ='Brålanda-Torpa'!E39 -> 1210 | F71: ='Brålanda-Torpa'!F39 -> 1345 | G71: ='Brålanda-Torpa'!G39 -> 1230 | H71: ='Brålanda-Torpa'!H39 -> 1050 | I71: ='Brålanda-Torpa'!I39 -> 1030 | ... M71: ='Brålanda-Torpa'!M39 -> 1420
A72: Skillnad | B72: =B70-B71 -> -167 | C72: =C70-C71 -> -133 | D72: =D70-D71 -> -249 | E72: =E70-E71 -> 81 | F72: =F70-F71 -> -1345 | G72: =G70-G71 -> -1230 | H72: =H70-H71 -> -1050 | I72: =I70-I71 -> -1030 | ... M72: =M70-M71 -> -1420
A73: % avvik mot Budget | B73: =SUM(B72/B71) -> -0.14844444 | C73: =SUM(C72/C71) -> -0.10037736 | D73: =SUM(D72/D71) -> -0.18792453 | E73: =SUM(E72/E71) -> 0.066942149 | F73: =SUM(F72/F71) -> -1 | G73: =SUM(G72/G71) -> -1 | H73: =SUM(H72/H71) -> -1 | I73: =SUM(I72/I71) -> -1 | ... M73: =SUM(M72/M71) -> -1
A75: Noltorp | B75: Jan | C75: Feb | D75: Mar | E75: Apr | F75: Maj | G75: Jun | H75: Jul | I75: Aug | J75: Sep | K75: Okt | L75: Nov | M75: Dec
A76: Poäng ACTUAL | B76: =Noltrop!B20 -> 1371 | C76: =Noltrop!C20 -> 1606 | D76: =Noltrop!D20 -> 2057 | E76: =Noltrop!E20 -> 2018 | F76: =Noltrop!F20 -> 0 | G76: =Noltrop!G20 -> 0 | H76: =Noltrop!H20 -> 0 | I76: =Noltrop!I20 -> 0 | ... M76: =Noltrop!M20 -> 0
A77: Poäng Budget | B77: =Noltrop!B42 -> 1704 | C77: =Noltrop!C42 -> 1824 | D77: =Noltrop!D42 -> 1864 | E77: =Noltrop!E42 -> 1923 | F77: =Noltrop!F42 -> 1884 | G77: =Noltrop!G42 -> 1544 | H77: =Noltrop!H42 -> 682 | I77: =Noltrop!I42 -> 1241 | ... M77: =Noltrop!M42 -> 2178
A78: Skillnad | B78: =B76-B77 -> -333 | C78: =C76-C77 -> -218 | D78: =D76-D77 -> 193 | E78: =E76-E77 -> 95 | F78: =F76-F77 -> -1884 | G78: =G76-G77 -> -1544 | H78: =H76-H77 -> -682 | I78: =I76-I77 -> -1241 | ... M78: =M76-M77 -> -2178
A79: % avvik mot Budget | B79: =SUM(B78/B77) -> -0.19542254 | C79: =SUM(C78/C77) -> -0.11951754 | D79: =SUM(D78/D77) -> 0.10354077 | E79: =SUM(E78/E77) -> 0.049401976 | F79: =SUM(F78/F77) -> -1 | G79: =SUM(G78/G77) -> -1 | H79: =SUM(H78/H77) -> -1 | I79: =SUM(I78/I77) -> -1 | ... M79: =SUM(M78/M77) -> -1
A81: Lilla Edet | B81: Jan | C81: Feb | D81: Mar | E81: Apr | F81: Maj | G81: Jun | H81: Jul | I81: Aug | J81: Sep | K81: Okt | L81: Nov | M81: Dec
A82: Poäng ACTUAL | B82: ='Lilla Edet'!B18 -> 718 | C82: ='Lilla Edet'!C18 -> 526 | D82: ='Lilla Edet'!D18 -> 528 | E82: ='Lilla Edet'!E18 -> 509 | F82: ='Lilla Edet'!F18 -> 0 | G82: ='Lilla Edet'!G18 -> 0 | H82: ='Lilla Edet'!H18 -> 0 | I82: ='Lilla Edet'!I18 -> 0 | ... M82: ='Lilla Edet'!M18 -> 0
A83: Poäng Budget | B83: ='Lilla Edet'!B39 -> 950 | C83: ='Lilla Edet'!C39 -> 840 | D83: ='Lilla Edet'!D39 -> 924 | E83: ='Lilla Edet'!E39 -> 924 | F83: ='Lilla Edet'!F39 -> 924 | G83: ='Lilla Edet'!G39 -> 740 | H83: ='Lilla Edet'!H39 -> 400 | I83: ='Lilla Edet'!I39 -> 740 | ... M83: ='Lilla Edet'!M39 -> 740
A84: Skillnad | B84: =B82-B83 -> -232 | C84: =C82-C83 -> -314 | D84: =D82-D83 -> -396 | E84: =E82-E83 -> -415 | F84: =F82-F83 -> -924 | G84: =G82-G83 -> -740 | H84: =H82-H83 -> -400 | I84: =I82-I83 -> -740 | ... M84: =M82-M83 -> -740
A85: % avvik mot Budget | B85: =SUM(B84/B83) -> -0.24421053 | C85: =SUM(C84/C83) -> -0.37380952 | D85: =SUM(D84/D83) -> -0.42857143 | E85: =SUM(E84/E83) -> -0.4491342 | F85: =SUM(F84/F83) -> -1 | G85: =SUM(G84/G83) -> -1 | H85: =SUM(H84/H83) -> -1 | I85: =SUM(I84/I83) -> -1 | ... M85: =SUM(M84/M83) -> -1
A87: Stavre | B87: Jan | C87: Feb | D87: Mar | E87: Apr | F87: Maj | G87: Jun | H87: Jul | I87: Aug | J87: Sep | K87: Okt | L87: Nov | M87: Dec
A88: Poäng ACTUAL | B88: =Stavre!B18 -> 924 | C88: =Stavre!C18 -> 959 | D88: =Stavre!D18 -> 1203 | E88: =Stavre!E18 -> 1146 | F88: =Stavre!F18 -> 0 | G88: =Stavre!G18 -> 0 | H88: =Stavre!H18 -> 0 | I88: =Stavre!I18 -> 0 | ... M88: =Stavre!M18 -> 0
A89: Poäng Budget | B89: =Stavre!B39 -> 890 | C89: =Stavre!C39 -> 1105 | D89: =Stavre!D39 -> 1295 | E89: =Stavre!E39 -> 1050 | F89: =Stavre!F39 -> 1180 | G89: =Stavre!G39 -> 890 | H89: =Stavre!H39 -> 240 | I89: =Stavre!I39 -> 1040 | ... M89: =Stavre!M39 -> 1040
A90: Skillnad | B90: =B88-B89 -> 34 | C90: =C88-C89 -> -146 | D90: =D88-D89 -> -92 | E90: =E88-E89 -> 96 | F90: =F88-F89 -> -1180 | G90: =G88-G89 -> -890 | H90: =H88-H89 -> -240 | I90: =I88-I89 -> -1040 | ... M90: =M88-M89 -> -1040
A91: % avvik mot Budget | B91: =SUM(B90/B89) -> 0.038202247 | C91: =SUM(C90/C89) -> -0.1321267 | D91: =SUM(D90/D89) -> -0.071042471 | E91: =SUM(E90/E89) -> 0.091428571 | F91: =SUM(F90/F89) -> -1 | G91: =SUM(G90/G89) -> -1 | H91: =SUM(H90/H89) -> -1 | I91: =SUM(I90/I89) -> -1 | ... M91: =SUM(M90/M89) -> -1
A93: Åmål | B93: Jan | C93: Feb | D93: Mar | E93: Apr | F93: Maj | G93: Jun | H93: Jul | I93: Aug | J93: Sep | K93: Okt | L93: Nov | M93: Dec
A94: Poäng ACTUAL | B94: =Åmål!B18 -> 934 | C94: =Åmål!C18 -> 1058 | D94: =Åmål!D18 -> 1252 | E94: =Åmål!E18 -> 1187 | F94: =Åmål!F18 -> 0 | G94: =Åmål!G18 -> 0 | H94: =Åmål!H18 -> 0 | I94: =Åmål!I18 -> 0 | ... M94: =Åmål!M18 -> 0
A95: Poäng Budget | B95: =Åmål!B39 -> 1483 | C95: =Åmål!C39 -> 1553 | D95: =Åmål!D39 -> 1618 | E95: =Åmål!E39 -> 1495 | F95: =Åmål!F39 -> 1483 | G95: =Åmål!G39 -> 1215 | H95: =Åmål!H39 -> 765 | I95: =Åmål!I39 -> 943 | ... M95: =Åmål!M39 -> 1393
A96: Skillnad | B96: =B94-B95 -> -549 | C96: =C94-C95 -> -495 | D96: =D94-D95 -> -366 | E96: =E94-E95 -> -308 | F96: =F94-F95 -> -1483 | G96: =G94-G95 -> -1215 | H96: =H94-H95 -> -765 | I96: =I94-I95 -> -943 | ... M96: =M94-M95 -> -1393
A97: % avvik mot Budget | B97: =SUM(B96/B95) -> -0.37019555 | C97: =SUM(C96/C95) -> -0.31873793 | D97: =SUM(D96/D95) -> -0.22620519 | E97: =SUM(E96/E95) -> -0.20602007 | F97: =SUM(F96/F95) -> -1 | G97: =SUM(G96/G95) -> -1 | H97: =SUM(H96/H95) -> -1 | I97: =SUM(I96/I95) -> -1 | ... M97: =SUM(M96/M95) -> -1

Sheet Frölunda Torg
A1: Uttag poäng datum; | B1: 46063 | C1: 46086
B2: Jan | C2: Feb | D2: Mar | E2: Apr | F2: Maj | G2: Jun | H2: Jul | I2: Aug | J2: Sep | K2: Okt | L2: Nov | M2: Dec
B3: Actual | C3: Actual | D3: Actual | E3: Actual | F3: Actual | G3: Actual | H3: Actual | I3: Actual | J3: Actual | K3: Actual | L3: Actual | M3: Actual
A4: Pontus Berglund | B4: 138 | C4: 82
A5: Anders Esko | B5: 178 | C5: 156 | D5: 188 | E5: 181
A6: Albert Lindström | B6: 112 | C6: 179 | D6: 184 | E6: 141
A7: Rana Baratifar | B7: 91 | C7: 164 | D7: 145 | E7: 154
A8: Annelie Corell | B8: 139 | C8: 190 | D8: 194 | E8: 164
A9: Louise From | B9: 125 | C9: 52
A10: Simon Lageson | C10: 77 | D10: 172 | E10: 188
B18: =SUM(B4:B17) -> 783 | C18: =SUM(C4:C17) -> 900 | D18: =SUM(D4:D17) -> 883 | E18: =SUM(E4:E17) -> 828 | F18: =SUM(F4:F17) -> 0 | G18: =SUM(G4:G17) -> 0 | H18: =SUM(H4:H17) -> 0 | I18: =SUM(I4:I17) -> 0 | ... M18: =SUM(M4:M17) -> 0
B20: Jan | C20: Feb | D20: Mar | E20: Apr | F20: Maj | G20: Jun | H20: Jul | I20: Aug | J20: Sep | K20: Okt | L20: Nov | M20: Dec
B21: Diff | C21: Diff | D21: Diff | E21: Diff | F21: Diff | G21: Diff | H21: Diff | I21: Diff | J21: Diff | K21: Diff | L21: Diff | M21: Diff
A22: Pontus Berglund | B22: =SUM(B4-B40) -> -82 | C22: =SUM(C4-C40) -> -48 | D22: =SUM(D4-D40) -> -140 | E22: =SUM(E4-E40) -> -130 | F22: =SUM(F4-F40) -> 0 | G22: =SUM(G4-G40) -> 0 | H22: =SUM(H4-H40) -> 0 | I22: =SUM(I4-I40) -> 0 | ... M22: =SUM(M4-M40) -> 0
A23: Anders Esko | B23: =SUM(B5-B41) -> -42 | C23: =SUM(C5-C41) -> -74 | D23: =SUM(D5-D41) -> -42 | E23: =SUM(E5-E41) -> -49 | F23: =SUM(F5-F41) -> -230 | G23: =SUM(G5-G41) -> -120 | H23: =SUM(H5-H41) -> -180 | I23: =SUM(I5-I41) -> -120 | ... M23: =SUM(M5-M41) -> -200
A24: Albert Lindström | B24: =SUM(B6-B42) -> -98 | C24: =SUM(C6-C42) -> -51 | D24: =SUM(D6-D42) -> -46 | E24: =SUM(E6-E42) -> -79 | F24: =SUM(F6-F42) -> -220 | G24: =SUM(G6-G42) -> -220 | H24: =SUM(H6-H42) -> 0 | I24: =SUM(I6-I42) -> -220 | ... M24: =SUM(M6-M42) -> -190
A25: Rana Baratifar | B25: =SUM(B7-B43) -> -99 | C25: =SUM(C7-C43) -> -26 | D25: =SUM(D7-D43) -> -65 | E25: =SUM(E7-E43) -> -46 | F25: =SUM(F7-F43) -> -210 | G25: =SUM(G7-G43) -> -210 | H25: =SUM(H7-H43) -> -180 | I25: =SUM(I7-I43) -> 0 | ... M25: =SUM(M7-M43) -> -200
A26: Annelie Corell | B26: =SUM(B8-B44) -> -51 | C26: =SUM(C8-C44) -> -10 | D26: =SUM(D8-D44) -> -6 | E26: =SUM(E8-E44) -> -26 | F26: =SUM(F8-F44) -> -200 | G26: =SUM(G8-G44) -> -200 | H26: =SUM(H8-H44) -> 0 | I26: =SUM(I8-I44) -> -200 | ... M26: =SUM(M8-M44) -> -190
A27: Louise From | B27: =SUM(B9-B45) -> 35 | C27: =SUM(C9-C45) -> -44 | D27: =SUM(D9-D45) -> -96 | E27: =SUM(E9-E45) -> -96 | F27: =SUM(F9-F45) -> -96 | G27: =SUM(G9-G45) -> -80 | H27: =SUM(H9-H45) -> -96 | I27: =SUM(I9-I45) -> 0 | ... M27: =SUM(M9-M45) -> -80
A28: Simon Lageson | B28: =SUM(B10-B46) -> 0 | C28: =SUM(C10-C46) -> 77 | D28: =SUM(D10-D46) -> 172 | E28: =SUM(E10-E46) -> 188 | F28: =SUM(F10-F46) -> -120 | G28: =SUM(G10-G46) -> -180 | H28: =SUM(H10-H46) -> 0 | I28: =SUM(I10-I46) -> -180 | ... M28: =SUM(M10-M46) -> -180
B29: =SUM(B11-B47) -> 0 | C29: =SUM(C11-C47) -> 0 | D29: =SUM(D11-D47) -> 0 | E29: =SUM(E11-E47) -> 0 | F29: =SUM(F11-F47) -> 0 | G29: =SUM(G11-G47) -> 0 | H29: =SUM(H11-H47) -> 0 | I29: =SUM(I11-I47) -> 0 | ... M29: =SUM(M11-M47) -> 0
B30: =SUM(B12-B48) -> 0 | C30: =SUM(C12-C48) -> 0 | D30: =SUM(D12-D48) -> 0 | E30: =SUM(E12-E48) -> 0 | F30: =SUM(F12-F48) -> 0 | G30: =SUM(G12-G48) -> 0 | H30: =SUM(H12-H48) -> 0 | I30: =SUM(I12-I48) -> 0 | ... M30: =SUM(M12-M48) -> 0
B31: =SUM(B13-B49) -> 0 | C31: =SUM(C13-C49) -> 0 | D31: =SUM(D13-D49) -> 0 | E31: =SUM(E13-E49) -> 0 | F31: =SUM(F13-F49) -> 0 | G31: =SUM(G13-G49) -> 0 | H31: =SUM(H13-H49) -> 0 | I31: =SUM(I13-I49) -> 0 | ... M31: =SUM(M13-M49) -> 0
B32: =SUM(B14-B50) -> 0 | C32: =SUM(C14-C50) -> 0 | D32: =SUM(D14-D50) -> 0 | E32: =SUM(E14-E50) -> 0 | F32: =SUM(F14-F50) -> 0 | G32: =SUM(G14-G50) -> 0 | H32: =SUM(H14-H50) -> 0 | I32: =SUM(I14-I50) -> 0 | ... M32: =SUM(M14-M50) -> 0
B33: =SUM(B15-B51) -> 0 | C33: =SUM(C15-C51) -> 0 | D33: =SUM(D15-D51) -> 0 | E33: =SUM(E15-E51) -> 0 | F33: =SUM(F15-F51) -> 0 | G33: =SUM(G15-G51) -> 0 | H33: =SUM(H15-H51) -> 0 | I33: =SUM(I15-I51) -> 0 | ... M33: =SUM(M15-M51) -> 0
B34: =SUM(B16-B52) -> 0 | C34: =SUM(C16-C52) -> 0 | D34: =SUM(D16-D52) -> 0 | E34: =SUM(E16-E52) -> 0 | F34: =SUM(F16-F52) -> 0 | G34: =SUM(G16-G52) -> 0 | H34: =SUM(H16-H52) -> 0 | I34: =SUM(I16-I52) -> 0 | ... M34: =SUM(M16-M52) -> 0
B35: =SUM(B17-B53) -> 0 | C35: =SUM(C17-C53) -> 0 | D35: =SUM(D17-D53) -> 0 | E35: =SUM(E17-E53) -> 0 | F35: =SUM(F17-F53) -> 0 | G35: =SUM(G17-G53) -> 0 | H35: =SUM(H17-H53) -> 0 | I35: =SUM(I17-I53) -> 0 | ... M35: =SUM(M17-M53) -> 0
B36: =SUM(B22:B35) -> -337 | C36: =SUM(C22:C35) -> -176 | D36: =SUM(D22:D35) -> -223 | E36: =SUM(E22:E35) -> -238 | F36: =SUM(F22:F35) -> -1076 | G36: =SUM(G22:G35) -> -1010 | H36: =SUM(H22:H35) -> -456 | I36: =SUM(I22:I35) -> -720 | ... M36: =SUM(M22:M35) -> -1040
B38: Budget | C38: Budget | D38: Budget | E38: Budget | F38: Budget | G38: Budget | H38: Budget | I38: Budget | J38: Budget | K38: Budget | L38: Budget | M38: Budget
A39: ÅRSBUDGET POÄNG 2026 = | B39: =SUM(B40:B46) -> 1120 | C39: =SUM(C40:C46) -> 1076 | D39: =SUM(D40:D46) -> 1106 | E39: =SUM(E40:E46) -> 1066 | F39: =SUM(F40:F46) -> 1076 | G39: =SUM(G40:G46) -> 1010 | H39: =SUM(H40:H46) -> 456 | I39: =SUM(I40:I46) -> 720 | ... M39: =SUM(M40:M46) -> 1040
A40: Pontus Berglund | B40: 220 | C40: 130 | D40: 140 | E40: 130
A41: Anders Esko | B41: 220 | C41: 230 | D41: 230 | E41: 230 | F41: 230 | G41: 120 | H41: 180 | I41: 120 | J41: 230 | K41: 230 | L41: 230 | M41: 200
A42: Albert Lindström | B42: 210 | C42: 230 | D42: 230 | E42: 220 | F42: 220 | G42: 220 | H42: 0 | I42: 220 | J42: 230 | K42: 230 | L42: 230 | M42: 190
A43: Rana Baratifar | B43: 190 | C43: 190 | D43: 210 | E43: 200 | F43: 210 | G43: 210 | H43: 180 | I43: 0 | J43: 220 | K43: 230 | L43: 230 | M43: 200
A44: Annelie Corell | B44: 190 | C44: 200 | D44: 200 | E44: 190 | F44: 200 | G44: 200 | H44: 0 | I44: 200 | J44: 200 | K44: 200 | L44: 200 | M44: 190
A45: Louise From | B45: 90 | C45: 96 | D45: 96 | E45: 96 | F45: 96 | G45: 80 | H45: 96 | I45: 0 | J45: 96 | K45: 96 | L45: 96 | M45: 80
A46: Simon Lageson | F46: 120 | G46: 180 | H46: 0 | I46: 180 | J46: 200 | K46: 200 | L46: 200 | M46: 180

Sheet Grimmered
A1: Uttag poäng datum; | B1: 46081 | C1: 46086 | D1: 46106
B2: Jan | C2: Feb | D2: Mar | E2: Apr | F2: Maj | G2: Jun | H2: Jul | I2: Aug | J2: Sep | K2: Okt | L2: Nov | M2: Dec
A3: Ta ut från Verksamhetsportalen: | B3: Actual | C3: Actual | D3: Actual | E3: Actual | F3: Actual | G3: Actual | H3: Actual | I3: Actual | J3: Actual | K3: Actual | L3: Actual | M3: Actual
A4: Malin Svensson | B4: 83 | C4: 157 | D4: 164 | E4: 159
A5: Hanna Bovin | B5: 179 | C5: 199 | D5: 250 | E5: 283
A6: Patricia Palada | B6: 195 | C6: 261 | D6: 217 | E6: 227
A7: Caroline Möller | B7: 114 | C7: 97 | D7: 179 | E7: 170
A8: Emma Lisjö | B8: 183 | C8: 170 | D8: 254 | E8: 166
A9: Pontus Berglund | E9: 67
B18: =SUM(B4:B17) -> 754 | C18: =SUM(C4:C17) -> 884 | D18: =SUM(D4:D17) -> 1064 | E18: =SUM(E4:E17) -> 1072 | F18: =SUM(F4:F17) -> 0 | G18: =SUM(G4:G17) -> 0 | H18: =SUM(H4:H17) -> 0 | I18: =SUM(I4:I17) -> 0 | ... M18: =SUM(M4:M17) -> 0
B20: Jan | C20: Feb | D20: Mar | E20: Apr | F20: Maj | G20: Jun | H20: Jul | I20: Aug | J20: Sep | K20: Okt | L20: Nov | M20: Dec
B21: Diff | C21: Diff | D21: Diff | E21: Diff | F21: Diff | G21: Diff | H21: Diff | I21: Diff | J21: Diff | K21: Diff | L21: Diff | M21: Diff
A22: Malin | B22: =SUM(B4-B40) -> -107 | C22: =SUM(C4-C40) -> -33 | D22: =SUM(D4-D40) -> -26 | E22: =SUM(E4-E40) -> -31 | F22: =SUM(F4-F40) -> -190 | G22: =SUM(G4-G40) -> -190 | H22: =SUM(H4-H40) -> 0 | I22: =SUM(I4-I40) -> -190 | ... M22: =SUM(M4-M40) -> -190
A23: Hanna | B23: =SUM(B5-B41) -> -41 | C23: =SUM(C5-C41) -> -31 | D23: =SUM(D5-D41) -> 20 | E23: =SUM(E5-E41) -> 63 | F23: =SUM(F5-F41) -> -220 | G23: =SUM(G5-G41) -> -230 | H23: =SUM(H5-H41) -> -210 | I23: =SUM(I5-I41) -> 0 | ... M23: =SUM(M5-M41) -> -190
A24: Patricia | B24: =SUM(B6-B42) -> -25 | C24: =SUM(C6-C42) -> 31 | D24: =SUM(D6-D42) -> -13 | E24: =SUM(E6-E42) -> 7 | F24: =SUM(F6-F42) -> -220 | G24: =SUM(G6-G42) -> -230 | H24: =SUM(H6-H42) -> 0 | I24: =SUM(I6-I42) -> -230 | ... M24: =SUM(M6-M42) -> -200
A25: Caroline | B25: =SUM(B7-B43) -> -61 | C25: =SUM(C7-C43) -> -98 | D25: =SUM(D7-D43) -> -16 | E25: =SUM(E7-E43) -> -20 | F25: =SUM(F7-F43) -> -195 | G25: =SUM(G7-G43) -> -195 | H25: =SUM(H7-H43) -> -180 | I25: =SUM(I7-I43) -> 0 | ... M25: =SUM(M7-M43) -> -180
A26: Emma | B26: =SUM(B8-B44) -> -17 | C26: =SUM(C8-C44) -> -30 | D26: =SUM(D8-D44) -> 54 | E26: =SUM(E8-E44) -> -34 | F26: =SUM(F8-F44) -> -200 | G26: =SUM(G8-G44) -> -200 | H26: =SUM(H8-H44) -> -110 | I26: =SUM(I8-I44) -> -110 | ... M26: =SUM(M8-M44) -> -200
B27: =SUM(B9-B45) -> 0 | C27: =SUM(C9-C45) -> 0 | D27: =SUM(D9-D45) -> 0 | E27: =SUM(E9-E45) -> 67 | F27: =SUM(F9-F45) -> 0 | G27: =SUM(G9-G45) -> 0 | H27: =SUM(H9-H45) -> 0 | I27: =SUM(I9-I45) -> 0 | ... M27: =SUM(M9-M45) -> 0
B28: =SUM(B10-B46) -> 0 | C28: =SUM(C10-C46) -> 0 | D28: =SUM(D10-D46) -> 0 | E28: =SUM(E10-E46) -> 0 | F28: =SUM(F10-F46) -> 0 | G28: =SUM(G10-G46) -> 0 | H28: =SUM(H10-H46) -> 0 | I28: =SUM(I10-I46) -> 0 | ... M28: =SUM(M10-M46) -> 0
B29: =SUM(B11-B47) -> 0 | C29: =SUM(C11-C47) -> 0 | D29: =SUM(D11-D47) -> 0 | E29: =SUM(E11-E47) -> 0 | F29: =SUM(F11-F47) -> 0 | G29: =SUM(G11-G47) -> 0 | H29: =SUM(H11-H47) -> 0 | I29: =SUM(I11-I47) -> 0 | ... M29: =SUM(M11-M47) -> 0
B30: =SUM(B12-B48) -> 0 | C30: =SUM(C12-C48) -> 0 | D30: =SUM(D12-D48) -> 0 | E30: 0 | F30: =SUM(F12-F48) -> 0 | G30: =SUM(G12-G48) -> 0 | H30: =SUM(H12-H48) -> 0 | I30: =SUM(I12-I48) -> 0 | J30: =SUM(J12-J48) -> 0 | K30: =SUM(K12-K48) -> 0 | L30: =SUM(L12-L48) -> 0 | M30: =SUM(M12-M48) -> 0
B31: =SUM(B13-B49) -> 0 | C31: =SUM(C13-C49) -> 0 | D31: =SUM(D13-D49) -> 0 | E31: =SUM(E13-E49) -> 0 | F31: =SUM(F13-F49) -> 0 | G31: =SUM(G13-G49) -> 0 | H31: =SUM(H13-H49) -> 0 | I31: =SUM(I13-I49) -> 0 | ... M31: =SUM(M13-M49) -> 0
B32: =SUM(B14-B50) -> 0 | C32: =SUM(C14-C50) -> 0 | D32: =SUM(D14-D50) -> 0 | E32: =SUM(E14-E50) -> 0 | F32: =SUM(F14-F50) -> 0 | G32: =SUM(G14-G50) -> 0 | H32: =SUM(H14-H50) -> 0 | I32: =SUM(I14-I50) -> 0 | ... M32: =SUM(M14-M50) -> 0
B33: =SUM(B15-B51) -> 0 | C33: =SUM(C15-C51) -> 0 | D33: =SUM(D15-D51) -> 0 | E33: =SUM(E15-E51) -> 0 | F33: =SUM(F15-F51) -> 0 | G33: =SUM(G15-G51) -> 0 | H33: =SUM(H15-H51) -> 0 | I33: =SUM(I15-I51) -> 0 | ... M33: =SUM(M15-M51) -> 0
B34: =SUM(B16-B52) -> 0 | C34: =SUM(C16-C52) -> 0 | D34: =SUM(D16-D52) -> 0 | E34: =SUM(E16-E52) -> 0 | F34: =SUM(F16-F52) -> 0 | G34: =SUM(G16-G52) -> 0 | H34: =SUM(H16-H52) -> 0 | I34: =SUM(I16-I52) -> 0 | ... M34: =SUM(M16-M52) -> 0
B35: =SUM(B17-B53) -> 0 | C35: =SUM(C17-C53) -> 0 | D35: =SUM(D17-D53) -> 0 | E35: =SUM(E17-E53) -> 0 | F35: =SUM(F17-F53) -> 0 | G35: =SUM(G17-G53) -> 0 | H35: =SUM(H17-H53) -> 0 | I35: =SUM(I17-I53) -> 0 | ... M35: =SUM(M17-M53) -> 0
B36: =SUM(B22:B35) -> -251 | C36: =SUM(C22:C35) -> -161 | D36: =SUM(D22:D35) -> 19 | E36: =SUM(E22:E35) -> 52 | F36: =SUM(F22:F35) -> -1025 | G36: =SUM(G22:G35) -> -1045 | H36: =SUM(H22:H35) -> -500 | I36: =SUM(I22:I35) -> -530 | ... M36: =SUM(M22:M35) -> -960
B38: Budget | C38: Budget | D38: Budget | E38: Budget | F38: Budget | G38: Budget | H38: Budget | I38: Budget | J38: Budget | K38: Budget | L38: Budget | M38: Budget
A39: ÅRSBUDGET POÄNG 2026 = | B39: =SUM(B40:B47) -> 1005 | C39: =SUM(C40:C47) -> 1045 | D39: =SUM(D40:D47) -> 1045 | E39: =SUM(E40:E47) -> 1020 | F39: =SUM(F40:F47) -> 1025 | G39: =SUM(G40:G47) -> 1045 | H39: =SUM(H40:H47) -> 500 | I39: =SUM(I40:I47) -> 530 | ... M39: =SUM(M40:M47) -> 960
A40: Malin | B40: 190 | C40: 190 | D40: 190 | E40: 190 | F40: 190 | G40: 190 | H40: 0 | I40: 190 | J40: 190 | K40: 190 | L40: 190 | M40: 190
A41: Hanna | B41: 220 | C41: 230 | D41: 230 | E41: 220 | F41: 220 | G41: 230 | H41: 210 | I41: 0 | J41: 230 | K41: 230 | L41: 230 | M41: 190
A42: Patricia | B42: 220 | C42: 230 | D42: 230 | E42: 220 | F42: 220 | G42: 230 | H42: 0 | I42: 230 | J42: 230 | K42: 230 | L42: 230 | M42: 200
A43: Caroline | B43: 175 | C43: 195 | D43: 195 | E43: 190 | F43: 195 | G43: 195 | H43: 180 | I43: 0 | J43: 190 | K43: 190 | L43: 190 | M43: 180
A44: Emma | B44: 200 | C44: 200 | D44: 200 | E44: 200 | F44: 200 | G44: 200 | H44: 110 | I44: 110 | J44: 200 | K44: 200 | L44: 200 | M44: 200

Sheet Majorna
A1: Uttag poäng datum; | B1: 46063 | C1: 46086
B2: Jan | C2: Feb | D2: Mar | E2: Apr | F2: Maj | G2: Jun | H2: Jul | I2: Aug | J2: Sep | K2: Okt | L2: Nov | M2: Dec
A3: Ta ut från Verksamhetsportalen: | B3: Actual | C3: Actual | D3: Actual | E3: Actual | F3: Actual | G3: Actual | H3: Actual | I3: Actual | J3: Actual | K3: Actual | L3: Actual | M3: Actual
A4: Anna-Karin Book | B4: 186 | C4: 206 | D4: 165 | E4: 168
A5: Caroline | B5: 170 | C5: 144 | D5: 186 | E5: 67
A6: Mattias | B6: 151 | C6: 163 | D6: 216 | E6: 169
A7: Anna-Karin S | B7: 211 | C7: 232 | D7: 202 | E7: 224
A8: Lena | B8: 88 | C8: 103 | D8: 110 | E8: 108
A9: Helen/Ny FT | B9: 88 | C9: 114 | D9: 124 | E9: 34
A10: Fanny | E10: 61
A11: Maja | E11: 5
B18: =SUM(B4:B17) -> 894 | C18: =SUM(C4:C17) -> 962 | D18: =SUM(D4:D17) -> 1003 | E18: =SUM(E4:E17) -> 836 | F18: =SUM(F4:F17) -> 0 | G18: =SUM(G4:G17) -> 0 | H18: =SUM(H4:H17) -> 0 | I18: =SUM(I4:I17) -> 0 | ... M18: =SUM(M4:M17) -> 0
B20: Jan | C20: Feb | D20: Mar | E20: Apr | F20: Maj | G20: Jun | H20: Jul | I20: Aug | J20: Sep | K20: Okt | L20: Nov | M20: Dec
B21: Diff | C21: Diff | D21: Diff | E21: Diff | F21: Diff | G21: Diff | H21: Diff | I21: Diff | J21: Diff | K21: Diff | L21: Diff | M21: Diff
A22: Anna-Karin Book | B22: =SUM(B4-B40) -> -6 | C22: =SUM(C4-C40) -> 14 | D22: =SUM(D4-D40) -> -27 | E22: =SUM(E4-E40) -> -24 | F22: =SUM(F4-F40) -> -192 | G22: =SUM(G4-G40) -> -150 | H22: =SUM(H4-H40) -> -100 | I22: =SUM(I4-I40) -> -100 | ... M22: =SUM(M4-M40) -> -165
A23: Caroline | B23: =SUM(B5-B41) -> 0 | C23: =SUM(C5-C41) -> -46 | D23: =SUM(D5-D41) -> -9 | E23: =SUM(E5-E41) -> -123 | F23: =SUM(F5-F41) -> -190 | G23: =SUM(G5-G41) -> -190 | H23: =SUM(H5-H41) -> -90 | I23: =SUM(I5-I41) -> -90 | ... M23: =SUM(M5-M41) -> -165
A24: Mattias | B24: =SUM(B6-B42) -> -64 | C24: =SUM(C6-C42) -> -57 | D24: =SUM(D6-D42) -> -24 | E24: =SUM(E6-E42) -> -71 | F24: =SUM(F6-F42) -> -240 | G24: =SUM(G6-G42) -> -230 | H24: =SUM(H6-H42) -> -60 | I24: =SUM(I6-I42) -> -120 | ... M24: =SUM(M6-M42) -> -200
A25: Anna-Karin S | B25: =SUM(B7-B43) -> 51 | C25: =SUM(C7-C43) -> -8 | D25: =SUM(D7-D43) -> -38 | E25: =SUM(E7-E43) -> -16 | F25: =SUM(F7-F43) -> -240 | G25: =SUM(G7-G43) -> -120 | H25: =SUM(H7-H43) -> -120 | I25: =SUM(I7-I43) -> -120 | ... M25: =SUM(M7-M43) -> -190
A26: Lena | B26: =SUM(B8-B44) -> -72 | C26: =SUM(C8-C44) -> -67 | D26: =SUM(D8-D44) -> -70 | E26: =SUM(E8-E44) -> -72 | F26: =SUM(F8-F44) -> -180 | G26: =SUM(G8-G44) -> -130 | H26: =SUM(H8-H44) -> -90 | I26: =SUM(I8-I44) -> -130 | ... M26: =SUM(M8-M44) -> -150
A27: Helen/Ny FT | B27: =SUM(B9-B45) -> -2 | C27: =SUM(C9-C45) -> -6 | D27: =SUM(D9-D45) -> -26 | E27: =SUM(E9-E45) -> -156 | F27: =SUM(F9-F45) -> -200 | G27: =SUM(G9-G45) -> -200 | H27: =SUM(H9-H45) -> -100 | I27: =SUM(I9-I45) -> -100 | ... M27: =SUM(M9-M45) -> -180
B28: =SUM(B10-B46) -> 0 | C28: =SUM(C10-C46) -> 0 | D28: =SUM(D10-D46) -> 0 | E28: =SUM(E10-E46) -> 61 | F28: =SUM(F10-F46) -> 0 | G28: =SUM(G10-G46) -> 0 | H28: =SUM(H10-H46) -> 0 | I28: =SUM(I10-I46) -> 0 | ... M28: =SUM(M10-M46) -> 0
B29: =SUM(B11-B47) -> 0 | C29: =SUM(C11-C47) -> 0 | D29: =SUM(D11-D47) -> 0 | E29: =SUM(E11-E47) -> 5 | F29: =SUM(F11-F47) -> 0 | G29: =SUM(G11-G47) -> 0 | H29: =SUM(H11-H47) -> 0 | I29: =SUM(I11-I47) -> 0 | ... M29: =SUM(M11-M47) -> 0
B30: =SUM(B12-B48) -> 0 | C30: =SUM(C12-C48) -> 0 | D30: =SUM(D12-D48) -> 0 | E30: =SUM(E12-E48) -> 0 | F30: =SUM(F12-F48) -> 0 | G30: =SUM(G12-G48) -> 0 | H30: =SUM(H12-H48) -> 0 | I30: =SUM(I12-I48) -> 0 | ... M30: =SUM(M12-M48) -> 0
B31: =SUM(B13-B49) -> 0 | C31: =SUM(C13-C49) -> 0 | D31: =SUM(D13-D49) -> 0 | E31: =SUM(E13-E49) -> 0 | F31: =SUM(F13-F49) -> 0 | G31: =SUM(G13-G49) -> 0 | H31: =SUM(H13-H49) -> 0 | I31: =SUM(I13-I49) -> 0 | ... M31: =SUM(M13-M49) -> 0
B32: =SUM(B14-B50) -> 0 | C32: =SUM(C14-C50) -> 0 | D32: =SUM(D14-D50) -> 0 | E32: =SUM(E14-E50) -> 0 | F32: =SUM(F14-F50) -> 0 | G32: =SUM(G14-G50) -> 0 | H32: =SUM(H14-H50) -> 0 | I32: =SUM(I14-I50) -> 0 | ... M32: =SUM(M14-M50) -> 0
B33: =SUM(B15-B51) -> 0 | C33: =SUM(C15-C51) -> 0 | D33: =SUM(D15-D51) -> 0 | E33: =SUM(E15-E51) -> 0 | F33: =SUM(F15-F51) -> 0 | G33: =SUM(G15-G51) -> 0 | H33: =SUM(H15-H51) -> 0 | I33: =SUM(I15-I51) -> 0 | ... M33: =SUM(M15-M51) -> 0
B34: =SUM(B16-B52) -> 0 | C34: =SUM(C16-C52) -> 0 | D34: =SUM(D16-D52) -> 0 | E34: =SUM(E16-E52) -> 0 | F34: =SUM(F16-F52) -> 0 | G34: =SUM(G16-G52) -> 0 | H34: =SUM(H16-H52) -> 0 | I34: =SUM(I16-I52) -> 0 | ... M34: =SUM(M16-M52) -> 0
B35: =SUM(B17-B53) -> 0 | C35: =SUM(C17-C53) -> 0 | D35: =SUM(D17-D53) -> 0 | E35: =SUM(E17-E53) -> 0 | F35: =SUM(F17-F53) -> 0 | G35: =SUM(G17-G53) -> 0 | H35: =SUM(H17-H53) -> 0 | I35: =SUM(I17-I53) -> 0 | ... M35: =SUM(M17-M53) -> 0
B36: =SUM(B22:B35) -> -93 | C36: =SUM(C22:C35) -> -170 | D36: =SUM(D22:D35) -> -194 | E36: =SUM(E22:E35) -> -396 | F36: =SUM(F22:F35) -> -1242 | G36: =SUM(G22:G35) -> -1020 | H36: =SUM(H22:H35) -> -560 | I36: =SUM(I22:I35) -> -660 | ... M36: =SUM(M22:M35) -> -1050
B38: Budget | C38: Budget | D38: Budget | E38: Budget | F38: Budget | G38: Budget | H38: Budget | I38: Budget | J38: Budget | K38: Budget | L38: Budget | M38: Budget
A39: ÅRSBUDGET POÄNG 2026 = | B39: =SUM(B40:B53) -> 987 | C39: =SUM(C40:C53) -> 1132 | D39: =SUM(D40:D53) -> 1197 | E39: =SUM(E40:E53) -> 1232 | F39: =SUM(F40:F53) -> 1242 | G39: =SUM(G40:G53) -> 1020 | H39: =SUM(H40:H53) -> 560 | I39: =SUM(I40:I53) -> 660 | ... M39: =SUM(M40:M53) -> 1050
A40: Anna-Karin Book | B40: 192 | C40: 192 | D40: 192 | E40: 192 | F40: 192 | G40: 150 | H40: 100 | I40: 100 | J40: 192 | K40: 192 | L40: 192 | M40: 165
A41: Caroline | B41: 170 | C41: 190 | D41: 195 | E41: 190 | F41: 190 | G41: 190 | H41: 90 | I41: 90 | J41: 190 | K41: 190 | L41: 190 | M41: 165
A42: Mattias | B42: 215 | C42: 220 | D42: 240 | E42: 240 | F42: 240 | G42: 230 | H42: 60 | I42: 120 | J42: 240 | K42: 240 | L42: 240 | M42: 200
A43: Anna-Karin S | B43: 160 | C43: 240 | D43: 240 | E43: 240 | F43: 240 | G43: 120 | H43: 120 | I43: 120 | J43: 240 | K43: 240 | L43: 240 | M43: 190
A44: Lena | B44: 160 | C44: 170 | D44: 180 | E44: 180 | F44: 180 | G44: 130 | H44: 90 | I44: 130 | J44: 180 | K44: 180 | L44: 180 | M44: 150
A45: Helen/Ny FT | B45: 90 | C45: 120 | D45: 150 | E45: 190 | F45: 200 | G45: 200 | H45: 100 | I45: 100 | J45: 210 | K45: 210 | L45: 210 | M45: 180

Sheet Pedagogen Park
A1: Uttag poäng datum; | B1: 46081 | C1: 46086 | D1: 46106
B2: Jan | C2: Feb | D2: Mar | E2: Apr | F2: Maj | G2: Jun | H2: Jul | I2: Aug | J2: Sep | K2: Okt | L2: Nov | M2: Dec
A3: Ta ut från Verksamhetsportalen: | B3: Actual | C3: Actual | D3: Actual | E3: Actual | F3: Actual | G3: Actual | H3: Actual | I3: Actual | J3: Actual | K3: Actual | L3: Actual | M3: Actual | N3: Kommentarer;
A4: Arvid Lennartsson | B4: 101 | C4: 140 | D4: 145 | E4: 186
A5: Charlotte Alderblad | B5: 167 | C5: 171 | D5: 187 | E5: 209
A6: Ida Hasselholm | B6: 111 | C6: 54 | D6: 202 | E6: 142
A7: Matilda Saukkorripi | B7: 99 | C7: 167 | D7: 255 | E7: 143
A8: Lisa T
B18: =SUM(B4:B17) -> 478 | C18: =SUM(C4:C17) -> 532 | D18: =SUM(D4:D17) -> 789 | E18: =SUM(E4:E17) -> 680 | F18: =SUM(F4:F17) -> 0 | G18: =SUM(G4:G17) -> 0 | H18: =SUM(H4:H17) -> 0 | I18: =SUM(I4:I17) -> 0 | ... M18: =SUM(M4:M17) -> 0
B20: Jan | C20: Feb | D20: Mar | E20: Apr | F20: Maj | G20: Jun | H20: Jul | I20: Aug | J20: Sep | K20: Okt | L20: Nov | M20: Dec
B21: DIFF | C21: DIFF | D21: DIFF | E21: DIFF | F21: DIFF | G21: DIFF | H21: DIFF | I21: DIFF | J21: DIFF | K21: DIFF | L21: DIFF | M21: DIFF | N21: Kommentarer;
A22: Arvid Lennartsson | B22: =SUM(B4-B40) -> 1 | C22: =SUM(C4-C40) -> 40 | D22: =SUM(D4-D40) -> 95 | E22: =SUM(E4-E40) -> 146 | F22: =SUM(F4-F40) -> -50 | G22: =SUM(G4-G40) -> -140 | H22: =SUM(H4-H40) -> -200 | I22: =SUM(I4-I40) -> -200 | ... M22: =SUM(M4-M40) -> -70
A23: Charlotte Alderblad | B23: =SUM(B5-B41) -> -43 | C23: =SUM(C5-C41) -> -69 | D23: =SUM(D5-D41) -> -53 | E23: =SUM(E5-E41) -> -11 | F23: =SUM(F5-F41) -> -220 | G23: =SUM(G5-G41) -> -220 | H23: =SUM(H5-H41) -> -240 | I23: =SUM(I5-I41) -> 0 | ... M23: =SUM(M5-M41) -> -170
A24: Ida Hasselholm | B24: =SUM(B6-B42) -> 11 | C24: =SUM(C6-C42) -> -66 | D24: =SUM(D6-D42) -> -38 | E24: =SUM(E6-E42) -> -68 | F24: =SUM(F6-F42) -> -210 | G24: =SUM(G6-G42) -> -200 | H24: =SUM(H6-H42) -> -160 | I24: =SUM(I6-I42) -> -220 | ... M24: =SUM(M6-M42) -> -200
A25: Matilda Saukkorripi | B25: =SUM(B7-B43) -> -91 | C25: =SUM(C7-C43) -> -33 | D25: =SUM(D7-D43) -> 55 | E25: =SUM(E7-E43) -> -57 | F25: =SUM(F7-F43) -> -200 | G25: =SUM(G7-G43) -> -200 | H25: =SUM(H7-H43) -> 0 | I25: =SUM(I7-I43) -> -200 | ... M25: =SUM(M7-M43) -> -170
A26: Lisa T | B26: =SUM(B8-B44) -> 0 | C26: =SUM(C8-C44) -> 0 | D26: =SUM(D8-D44) -> 0 | E26: =SUM(E8-E44) -> -65 | F26: =SUM(F8-F44) -> -80 | G26: =SUM(G8-G44) -> -40 | H26: =SUM(H8-H44) -> 0 | I26: =SUM(I8-I44) -> -40 | ... M26: =SUM(M8-M44) -> -65
B27: =SUM(B9-B45) -> 0 | C27: =SUM(C9-C45) -> 0 | D27: =SUM(D9-D45) -> 0 | E27: =SUM(E9-E45) -> 0 | F27: =SUM(F9-F45) -> 0 | G27: =SUM(G9-G45) -> 0 | H27: =SUM(H9-H45) -> 0 | I27: =SUM(I9-I45) -> 0 | ... M27: =SUM(M9-M45) -> 0
B28: =SUM(B10-B46) -> 0 | C28: =SUM(C10-C46) -> 0 | D28: =SUM(D10-D46) -> 0 | E28: =SUM(E10-E46) -> 0 | F28: =SUM(F10-F46) -> 0 | G28: =SUM(G10-G46) -> 0 | H28: =SUM(H10-H46) -> 0 | I28: =SUM(I10-I46) -> 0 | ... M28: =SUM(M10-M46) -> 0
B29: =SUM(B11-B47) -> 0 | C29: =SUM(C11-C47) -> 0 | D29: =SUM(D11-D47) -> 0 | E29: =SUM(E11-E47) -> 0 | F29: =SUM(F11-F47) -> 0 | G29: =SUM(G11-G47) -> 0 | H29: =SUM(H11-H47) -> 0 | I29: =SUM(I11-I47) -> 0 | ... M29: =SUM(M11-M47) -> 0
B30: =SUM(B12-B48) -> 0 | C30: =SUM(C12-C48) -> 0 | D30: =SUM(D12-D48) -> 0 | E30: =SUM(E12-E48) -> 0 | F30: =SUM(F12-F48) -> 0 | G30: =SUM(G12-G48) -> 0 | H30: =SUM(H12-H48) -> 0 | I30: =SUM(I12-I48) -> 0 | ... M30: =SUM(M12-M48) -> 0
B31: =SUM(B13-B49) -> 0 | C31: =SUM(C13-C49) -> 0 | D31: =SUM(D13-D49) -> 0 | E31: =SUM(E13-E49) -> 0 | F31: =SUM(F13-F49) -> 0 | G31: =SUM(G13-G49) -> 0 | H31: =SUM(H13-H49) -> 0 | I31: =SUM(I13-I49) -> 0 | ... M31: =SUM(M13-M49) -> 0
B32: =SUM(B14-B50) -> 0 | C32: =SUM(C14-C50) -> 0 | D32: =SUM(D14-D50) -> 0 | E32: =SUM(E14-E50) -> 0 | F32: =SUM(F14-F50) -> 0 | G32: =SUM(G14-G50) -> 0 | H32: =SUM(H14-H50) -> 0 | I32: =SUM(I14-I50) -> 0 | ... M32: =SUM(M14-M50) -> 0
B33: =SUM(B15-B51) -> 0 | C33: =SUM(C15-C51) -> 0 | D33: =SUM(D15-D51) -> 0 | E33: =SUM(E15-E51) -> 0 | F33: =SUM(F15-F51) -> 0 | G33: =SUM(G15-G51) -> 0 | H33: =SUM(H15-H51) -> 0 | I33: =SUM(I15-I51) -> 0 | ... M33: =SUM(M15-M51) -> 0
B34: =SUM(B16-B52) -> 0 | C34: =SUM(C16-C52) -> 0 | D34: =SUM(D16-D52) -> 0 | E34: =SUM(E16-E52) -> 0 | F34: =SUM(F16-F52) -> 0 | G34: =SUM(G16-G52) -> 0 | H34: =SUM(H16-H52) -> 0 | I34: =SUM(I16-I52) -> 0 | ... M34: =SUM(M16-M52) -> 0
B35: =SUM(B17-B53) -> 0 | C35: =SUM(C17-C53) -> 0 | D35: =SUM(D17-D53) -> 0 | E35: =SUM(E17-E53) -> 0 | F35: =SUM(F17-F53) -> 0 | G35: =SUM(G17-G53) -> 0 | H35: =SUM(H17-H53) -> 0 | I35: =SUM(I17-I53) -> 0 | ... M35: =SUM(M17-M53) -> 0
B36: =SUM(B22:B35) -> -122 | C36: =SUM(C22:C35) -> -128 | D36: =SUM(D22:D35) -> 59 | E36: =SUM(E22:E35) -> -55 | F36: =SUM(F22:F35) -> -760 | G36: =SUM(G22:G35) -> -800 | H36: =SUM(H22:H35) -> -600 | I36: =SUM(I22:I35) -> -660 | ... M36: =SUM(M22:M35) -> -675
B38: Budget | C38: Budget | D38: Budget | E38: Budget | F38: Budget | G38: Budget | H38: Budget | I38: Budget | J38: Budget | K38: Budget | L38: Budget | M38: Budget
A39: ÅRSBUDGET POÄNG 2026 = | B39: =SUM(B40:B44) -> 600 | C39: =SUM(C40:C44) -> 660 | D39: =SUM(D40:D44) -> 730 | E39: =SUM(E40:E44) -> 735 | F39: =SUM(F40:F44) -> 760 | G39: =SUM(G40:G44) -> 800 | H39: =SUM(H40:H44) -> 600 | I39: =SUM(I40:I44) -> 660 | ... M39: =SUM(M40:M44) -> 675
A40: Arvid Lennartsson | B40: 100 | C40: 100 | D40: 50 | E40: 40 | F40: 50 | G40: 140 | H40: 200 | I40: 200 | J40: 100 | K40: 100 | L40: 100 | M40: 70
A41: Charlotte Alderblad | B41: 210 | C41: 240 | D41: 240 | E41: 220 | F41: 220 | G41: 220 | H41: 240 | I41: 0 | J41: 200 | K41: 200 | L41: 200 | M41: 170
A42: Ida Hasselholm | B42: 100 | C42: 120 | D42: 240 | E42: 210 | F42: 210 | G42: 200 | H42: 160 | I42: 220 | J42: 220 | K42: 220 | L42: 220 | M42: 200
A43: Matilda Saukkorripi | B43: 190 | C43: 200 | D43: 200 | E43: 200 | F43: 200 | G43: 200 | H43: 0 | I43: 200 | J43: 200 | K43: 200 | L43: 200 | M43: 170
A44: Lisa T | E44: 65 | F44: 80 | G44: 40 | H44: 0 | I44: 40 | J44: 40 | K44: 80 | L44: 80 | M44: 65

Sheet Åby
A1: Uttag poäng datum; | B1: 46063 | C1: 46086
B2: Jan | C2: Feb | D2: Mar | E2: Apr | F2: Maj | G2: Jun | H2: Jul | I2: Aug | J2: Sep | K2: Okt | L2: Nov | M2: Dec
A3: Ta ut från Verksamhetsportalen: | B3: Actual | C3: Actual | D3: Actual | E3: Actual | F3: Actual | G3: Actual | H3: Actual | I3: Actual | J3: Actual | K3: Actual | L3: Actual | M3: Actual
A4: Anna Abrahamsson | B4: 176 | C4: 133 | D4: 180 | E4: 208
A5: Caroline Lindahl | B5: 204 | C5: 199 | D5: 219 | E5: 154
A6: Catarina Engström | B6: 190 | C6: 251 | D6: 278 | E6: 169
A7: Lisa Torell
A8: Michaela Voeler | B8: 204 | C8: 207 | D8: 178 | E8: 219
A9: Lisa Edvardsson | B9: 147 | C9: 264 | D9: 248 | E9: 191
A10: Anna-Klara Å | B10: 5
B18: =SUM(B4:B17) -> 926 | C18: =SUM(C4:C17) -> 1054 | D18: =SUM(D4:D17) -> 1103 | E18: =SUM(E4:E17) -> 941 | F18: =SUM(F4:F17) -> 0 | G18: =SUM(G4:G17) -> 0 | H18: =SUM(H4:H17) -> 0 | I18: =SUM(I4:I17) -> 0 | ... M18: =SUM(M4:M17) -> 0
B20: Jan | C20: Feb | D20: Mar | E20: Apr | F20: Maj | G20: Jun | H20: Jul | I20: Aug | J20: Sep | K20: Okt | L20: Nov | M20: Dec
B21: Diff | C21: Diff | D21: Diff | E21: Diff | F21: Diff | G21: Diff | H21: Diff | I21: Diff | J21: Diff | K21: Diff | L21: Diff | M21: Diff
A22: Anna Abrahamsson | B22: =SUM(B4-B40) -> -14 | C22: =SUM(C4-C40) -> -71 | D22: =SUM(D4-D40) -> 26 | E22: =SUM(E4-E40) -> 16 | F22: =SUM(F4-F40) -> -192 | G22: =SUM(G4-G40) -> -143 | H22: =SUM(H4-H40) -> -102 | I22: =SUM(I4-I40) -> -153 | ... M22: =SUM(M4-M40) -> -144
A23: Caroline Lindahl | B23: =SUM(B5-B41) -> 41 | C23: =SUM(C5-C41) -> 55 | D23: =SUM(D5-D41) -> 27 | E23: =SUM(E5-E41) -> 0 | F23: =SUM(F5-F41) -> -190 | G23: =SUM(G5-G41) -> -170 | H23: =SUM(H5-H41) -> -48 | I23: =SUM(I5-I41) -> -96 | ... M23: =SUM(M5-M41) -> -144
A24: Catarina Engström | B24: =SUM(B6-B42) -> -2 | C24: =SUM(C6-C42) -> 131 | D24: =SUM(D6-D42) -> 62 | E24: =SUM(E6-E42) -> -6 | F24: =SUM(F6-F42) -> -192 | G24: =SUM(G6-G42) -> -156 | H24: =SUM(H6-H42) -> -120 | I24: =SUM(I6-I42) -> -160 | ... M24: =SUM(M6-M42) -> -168
A25: Lisa Torell | B25: =SUM(B7-B43) -> 0 | C25: =SUM(C7-C43) -> 0 | D25: =SUM(D7-D43) -> -100 | E25: =SUM(E7-E43) -> -90 | F25: =SUM(F7-F43) -> -120 | G25: =SUM(G7-G43) -> -100 | H25: =SUM(H7-H43) -> -30 | I25: =SUM(I7-I43) -> -60 | ... M25: =SUM(M7-M43) -> -90
A26: Michaela Voeler | B26: =SUM(B8-B44) -> 9 | C26: =SUM(C8-C44) -> 52 | D26: =SUM(D8-D44) -> -26 | E26: =SUM(E8-E44) -> 24 | F26: =SUM(F8-F44) -> -195 | G26: =SUM(G8-G44) -> -195 | H26: =SUM(H8-H44) -> -100 | I26: =SUM(I8-I44) -> -154 | ... M26: =SUM(M8-M44) -> -144
A27: Lisa Edvardsson | B27: =SUM(B9-B45) -> 3 | C27: =SUM(C9-C45) -> 74 | D27: =SUM(D9-D45) -> 48 | E27: =SUM(E9-E45) -> -9 | F27: =SUM(F9-F45) -> -156 | G27: =SUM(G9-G45) -> -200 | H27: =SUM(H9-H45) -> -120 | I27: =SUM(I9-I45) -> -120 | ... M27: =SUM(M9-M45) -> -180
A28: Anna-Klara Å | B28: =SUM(B10-B46) -> 5 | C28: =SUM(C10-C46) -> 0 | D28: =SUM(D10-D46) -> 0 | E28: =SUM(E10-E46) -> 0 | F28: =SUM(F10-F46) -> 0 | G28: =SUM(G10-G46) -> 0 | H28: =SUM(H10-H46) -> 0 | I28: =SUM(I10-I46) -> 0 | ... M28: =SUM(M10-M46) -> 0
B29: =SUM(B11-B47) -> 0 | C29: =SUM(C11-C47) -> 0 | D29: =SUM(D11-D47) -> 0 | E29: =SUM(E11-E47) -> 0 | F29: =SUM(F11-F47) -> 0 | G29: =SUM(G11-G47) -> 0 | H29: =SUM(H11-H47) -> 0 | I29: =SUM(I11-I47) -> 0 | ... M29: =SUM(M11-M47) -> 0
B30: =SUM(B12-B48) -> 0 | C30: =SUM(C12-C48) -> 0 | D30: =SUM(D12-D48) -> 0 | E30: =SUM(E12-E48) -> 0 | F30: =SUM(F12-F48) -> 0 | G30: =SUM(G12-G48) -> 0 | H30: =SUM(H12-H48) -> 0 | I30: =SUM(I12-I48) -> 0 | ... M30: =SUM(M12-M48) -> 0
B31: =SUM(B13-B49) -> 0 | C31: =SUM(C13-C49) -> 0 | D31: =SUM(D13-D49) -> 0 | E31: =SUM(E13-E49) -> 0 | F31: =SUM(F13-F49) -> 0 | G31: =SUM(G13-G49) -> 0 | H31: =SUM(H13-H49) -> 0 | I31: =SUM(I13-I49) -> 0 | ... M31: =SUM(M13-M49) -> 0
B32: =SUM(B14-B50) -> 0 | C32: =SUM(C14-C50) -> 0 | D32: =SUM(D14-D50) -> 0 | E32: =SUM(E14-E50) -> 0 | F32: =SUM(F14-F50) -> 0 | G32: =SUM(G14-G50) -> 0 | H32: =SUM(H14-H50) -> 0 | I32: =SUM(I14-I50) -> 0 | ... M32: =SUM(M14-M50) -> 0
B33: =SUM(B15-B51) -> 0 | C33: =SUM(C15-C51) -> 0 | D33: =SUM(D15-D51) -> 0 | E33: =SUM(E15-E51) -> 0 | F33: =SUM(F15-F51) -> 0 | G33: =SUM(G15-G51) -> 0 | H33: =SUM(H15-H51) -> 0 | I33: =SUM(I15-I51) -> 0 | ... M33: =SUM(M15-M51) -> 0
B34: =SUM(B16-B52) -> 0 | C34: =SUM(C16-C52) -> 0 | D34: =SUM(D16-D52) -> 0 | E34: =SUM(E16-E52) -> 0 | F34: =SUM(F16-F52) -> 0 | G34: =SUM(G16-G52) -> 0 | H34: =SUM(H16-H52) -> 0 | I34: =SUM(I16-I52) -> 0 | ... M34: =SUM(M16-M52) -> 0
B35: =SUM(B17-B53) -> 0 | C35: =SUM(C17-C53) -> 0 | D35: =SUM(D17-D53) -> 0 | E35: =SUM(E17-E53) -> 0 | F35: =SUM(F17-F53) -> 0 | G35: =SUM(G17-G53) -> 0 | H35: =SUM(H17-H53) -> 0 | I35: =SUM(I17-I53) -> 0 | ... M35: =SUM(M17-M53) -> 0
B36: =SUM(B22:B35) -> 42 | C36: =SUM(C22:C35) -> 241 | D36: =SUM(D22:D35) -> 37 | E36: =SUM(E22:E35) -> -65 | F36: =SUM(F22:F35) -> -1045 | G36: =SUM(G22:G35) -> -964 | H36: =SUM(H22:H35) -> -520 | I36: =SUM(I22:I35) -> -743 | ... M36: =SUM(M22:M35) -> -870
B38: Budget | C38: Budget | D38: Budget | E38: Budget | F38: Budget | G38: Budget | H38: Budget | I38: Budget | J38: Budget | K38: Budget | L38: Budget | M38: Budget
A39: ÅRSBUDGET POÄNG 2026 = | B39: 890 | C39: 1105 | D39: 1295 | E39: 1050 | F39: 1180 | G39: 890 | H39: 240 | I39: 1040 | J39: 1285 | K39: 1283 | L39: 1188 | M39: 1040
A40: Anna Abrahamsson | B40: 190 | C40: 204 | D40: 154 | E40: 192 | F40: 192 | G40: 143 | H40: 102 | I40: 153 | J40: 204 | K40: 204 | L40: 153 | M40: 144
A41: Caroline Lindahl | B41: 163 | C41: 144 | D41: 192 | E41: 154 | F41: 190 | G41: 170 | H41: 48 | I41: 96 | J41: 192 | K41: 173 | L41: 192 | M41: 144
A42: Catarina Engström | B42: 192 | C42: 120 | D42: 216 | E42: 175 | F42: 192 | G42: 156 | H42: 120 | I42: 160 | J42: 150 | K42: 180 | L42: 220 | M42: 168
A43: Lisa Torell | B43: 0 | C43: 0 | D43: 100 | E43: 90 | F43: 120 | G43: 100 | H43: 30 | I43: 60 | J43: 100 | K43: 100 | L43: 100 | M43: 90
A44: Michaela Voeler | B44: 195 | C44: 155 | D44: 204 | E44: 195 | F44: 195 | G44: 195 | H44: 100 | I44: 154 | J44: 204 | K44: 204 | L44: 204 | M44: 144
A45: Lisa Edvardsson | B45: 144 | C45: 190 | D45: 200 | E45: 200 | F45: 156 | G45: 200 | H45: 120 | I45: 120 | J45: 220 | K45: 228 | L45: 228 | M45: 180
A46: Anna-Klara Å

Sheet Olskroken
A1: Uttag poäng datum; | B1: 46063 | C1: 46086 | D1: 46106
B2: Jan | C2: Feb | D2: Mar | E2: Apr | F2: Maj | G2: Jun | H2: Jul | I2: Aug | J2: Sep | K2: Okt | L2: Nov | M2: Dec
A3: Ta ut från Verksamhetsportalen: | B3: Actual | C3: Actual | D3: Actual | E3: Actual | F3: Actual | G3: Actual | H3: Actual | I3: Actual | J3: Actual | K3: Actual | L3: Actual | M3: Actual
A4: Malena Ryberg | B4: 184 | C4: 119 | D4: 253 | E4: 218
A5: Linnea | B5: 149
A6: Felix W | B6: 8
A7: Ersättare Felix/ Erik S | C7: 122 | D7: 186 | E7: 177
A8: Helena Ö | B8: 167 | C8: 148 | D8: 129 | E8: 203
A9: Ersättare Linnea/ Isak | C9: 7 | D9: 41 | E9: 156
A10: Elin M | B10: 46 | C10: 92 | D10: 19
B18: =SUM(B4:B17) -> 554 | C18: =SUM(C4:C17) -> 488 | D18: =SUM(D4:D17) -> 628 | E18: =SUM(E4:E17) -> 754 | F18: =SUM(F4:F17) -> 0 | G18: =SUM(G4:G17) -> 0 | H18: =SUM(H4:H17) -> 0 | I18: =SUM(I4:I17) -> 0 | ... M18: =SUM(M4:M17) -> 0
B20: Jan | C20: Feb | D20: Mar | E20: Apr | F20: Maj | G20: Jun | H20: Jul | I20: Aug | J20: Sep | K20: Okt | L20: Nov | M20: Dec
B21: Diff | C21: Diff | D21: Diff | E21: Diff | F21: Diff | G21: Diff | H21: Diff | I21: Diff | J21: Diff | K21: Diff | L21: Diff | M21: Diff
A22: Malena | B22: =SUM(B4-B40) -> -6 | C22: =SUM(C4-C40) -> -111 | D22: =SUM(D4-D40) -> 23 | E22: =SUM(E4-E40) -> 18 | F22: =SUM(F4-F40) -> -230 | G22: =SUM(G4-G40) -> -220 | H22: =SUM(H4-H40) -> -120 | I22: =SUM(I4-I40) -> -165 | ... M22: =SUM(M4-M40) -> -180
A23: Linnea | B23: =SUM(B5-B41) -> -41 | C23: =SUM(C5-C41) -> 0 | D23: =SUM(D5-D41) -> 0 | E23: =SUM(E5-E41) -> 0 | F23: =SUM(F5-F41) -> 0 | G23: =SUM(G5-G41) -> 0 | H23: =SUM(H5-H41) -> 0 | I23: =SUM(I5-I41) -> 0 | ... M23: =SUM(M5-M41) -> 0
A24: Felix | B24: =SUM(B6-B42) -> 8 | C24: =SUM(C6-C42) -> 0 | D24: =SUM(D6-D42) -> 0 | E24: =SUM(E6-E42) -> 0 | F24: =SUM(F6-F42) -> 0 | G24: =SUM(G6-G42) -> 0 | H24: =SUM(H6-H42) -> 0 | I24: =SUM(I6-I42) -> 0 | ... M24: =SUM(M6-M42) -> -140
A25: Ersättare Felix | B25: =SUM(B7-B43) -> -80 | C25: =SUM(C7-C43) -> -58 | D25: =SUM(D7-D43) -> -14 | E25: =SUM(E7-E43) -> -23 | F25: =SUM(F7-F43) -> -220 | G25: =SUM(G7-G43) -> -200 | H25: =SUM(H7-H43) -> -40 | I25: =SUM(I7-I43) -> -160 | ... M25: =SUM(M7-M43) -> 0
A26: Helena | B26: =SUM(B8-B44) -> 2 | C26: =SUM(C8-C44) -> -52 | D26: =SUM(D8-D44) -> -76 | E26: =SUM(E8-E44) -> -2 | F26: =SUM(F8-F44) -> -205 | G26: =SUM(G8-G44) -> -205 | H26: =SUM(H8-H44) -> -100 | I26: =SUM(I8-I44) -> -100 | ... M26: =SUM(M8-M44) -> -160
A27: Ersättare Linnea | B27: =SUM(B9-B45) -> 0 | C27: =SUM(C9-C45) -> -93 | D27: =SUM(D9-D45) -> -119 | E27: =SUM(E9-E45) -> -44 | F27: =SUM(F9-F45) -> -220 | G27: =SUM(G9-G45) -> -220 | H27: =SUM(H9-H45) -> -120 | I27: =SUM(I9-I45) -> -120 | ... M27: =SUM(M9-M45) -> -180
A28: Elin M | B28: =SUM(B10-B46) -> 46 | C28: =SUM(C10-C46) -> 92 | D28: =SUM(D10-D46) -> 19 | E28: =SUM(E10-E46) -> 0 | F28: =SUM(F10-F46) -> 0 | G28: =SUM(G10-G46) -> 0 | H28: =SUM(H10-H46) -> 0 | I28: =SUM(I10-I46) -> 0 | ... M28: =SUM(M10-M46) -> 0
B29: =SUM(B11-B47) -> 0 | C29: =SUM(C11-C47) -> 0 | D29: =SUM(D11-D47) -> 0 | E29: =SUM(E11-E47) -> 0 | F29: =SUM(F11-F47) -> 0 | G29: =SUM(G11-G47) -> 0 | H29: =SUM(H11-H47) -> 0 | I29: =SUM(I11-I47) -> 0 | ... M29: =SUM(M11-M47) -> 0
B30: =SUM(B12-B48) -> 0 | C30: =SUM(C12-C48) -> 0 | D30: =SUM(D12-D48) -> 0 | E30: =SUM(E12-E48) -> 0 | F30: =SUM(F12-F48) -> 0 | G30: =SUM(G12-G48) -> 0 | H30: =SUM(H12-H48) -> 0 | I30: =SUM(I12-I48) -> 0 | ... M30: =SUM(M12-M48) -> 0
B31: =SUM(B13-B49) -> 0 | C31: =SUM(C13-C49) -> 0 | D31: =SUM(D13-D49) -> 0 | E31: =SUM(E13-E49) -> 0 | F31: =SUM(F13-F49) -> 0 | G31: =SUM(G13-G49) -> 0 | H31: =SUM(H13-H49) -> 0 | I31: =SUM(I13-I49) -> 0 | ... M31: =SUM(M13-M49) -> 0
B32: =SUM(B14-B50) -> 0 | C32: =SUM(C14-C50) -> 0 | D32: =SUM(D14-D50) -> 0 | E32: =SUM(E14-E50) -> 0 | F32: =SUM(F14-F50) -> 0 | G32: =SUM(G14-G50) -> 0 | H32: =SUM(H14-H50) -> 0 | I32: =SUM(I14-I50) -> 0 | ... M32: =SUM(M14-M50) -> 0
B33: =SUM(B15-B51) -> 0 | C33: =SUM(C15-C51) -> 0 | D33: =SUM(D15-D51) -> 0 | E33: =SUM(E15-E51) -> 0 | F33: =SUM(F15-F51) -> 0 | G33: =SUM(G15-G51) -> 0 | H33: =SUM(H15-H51) -> 0 | I33: =SUM(I15-I51) -> 0 | ... M33: =SUM(M15-M51) -> 0
B34: =SUM(B16-B52) -> 0 | C34: =SUM(C16-C52) -> 0 | D34: =SUM(D16-D52) -> 0 | E34: =SUM(E16-E52) -> 0 | F34: =SUM(F16-F52) -> 0 | G34: =SUM(G16-G52) -> 0 | H34: =SUM(H16-H52) -> 0 | I34: =SUM(I16-I52) -> 0 | ... M34: =SUM(M16-M52) -> 0
B35: =SUM(B17-B53) -> 0 | C35: =SUM(C17-C53) -> 0 | D35: =SUM(D17-D53) -> 0 | E35: =SUM(E17-E53) -> 0 | F35: =SUM(F17-F53) -> 0 | G35: =SUM(G17-G53) -> 0 | H35: =SUM(H17-H53) -> 0 | I35: =SUM(I17-I53) -> 0 | ... M35: =SUM(M17-M53) -> 0
B36: =SUM(B22:B35) -> -71 | C36: =SUM(C22:C35) -> -222 | D36: =SUM(D22:D35) -> -167 | E36: =SUM(E22:E35) -> -51 | F36: =SUM(F22:F35) -> -875 | G36: =SUM(G22:G35) -> -845 | H36: =SUM(H22:H35) -> -380 | I36: =SUM(I22:I35) -> -545 | ... M36: =SUM(M22:M35) -> -660
B38: Budget | C38: Budget | D38: Budget | E38: Budget | F38: Budget | G38: Budget | H38: Budget | I38: Budget | J38: Budget | K38: Budget | L38: Budget | M38: Budget
A39: ÅRSBUDGET POÄNG 2026 = | B39: =SUM(B40:B48) -> 625 | C39: =SUM(C40:C48) -> 710 | D39: =SUM(D40:D48) -> 795 | E39: =SUM(E40:E48) -> 805 | F39: =SUM(F40:F48) -> 875 | G39: =SUM(G40:G48) -> 845 | H39: =SUM(H40:H48) -> 380 | I39: =SUM(I40:I48) -> 545 | ... M39: =SUM(M40:M48) -> 660
A40: Malena | B40: 190 | C40: 230 | D40: 230 | E40: 200 | F40: 230 | G40: 220 | H40: 120 | I40: 165 | J40: 230 | K40: 230 | L40: 230 | M40: 180
A41: Linnea | B41: 190 | C41: 0
A42: Felix | J42: 120 | K42: 180 | L42: 180 | M42: 140
A43: Ersättare Felix | B43: 80 | C43: 180 | D43: 200 | E43: 200 | F43: 220 | G43: 200 | H43: 40 | I43: 160
A44: Helena | B44: 165 | C44: 200 | D44: 205 | E44: 205 | F44: 205 | G44: 205 | H44: 100 | I44: 100 | J44: 220 | K44: 220 | L44: 220 | M44: 160
A45: Ersättare Linnea | C45: 100 | D45: 160 | E45: 200 | F45: 220 | G45: 220 | H45: 120 | I45: 120 | J45: 230 | K45: 230 | L45: 230 | M45: 180
A46: Elin M

Sheet Avenyn
A1: Uttag poäng datum; | B1: 46063 | C1: 46086
B2: Jan | C2: Feb | D2: Mar | E2: Apr | F2: Maj | G2: Jun | H2: Jul | I2: Aug | J2: Sep | K2: Okt | L2: Nov | M2: Dec
A3: Ta ut från Verksamhetsportalen: | B3: Actual | C3: Actual | D3: Actual | E3: Actual | F3: Actual | G3: Actual | H3: Actual | I3: Actual | J3: Actual | K3: Actual | L3: Actual | M3: Actual
A4: Elin Jolsö | B4: 117 | C4: 8 | D4: 57 | E4: 91
A5: Linnea Andersson | B5: 139 | C5: 221 | D5: 279 | E5: 175
A6: Nina Nexborn | B6: 121 | C6: 148 | D6: 174 | E6: 186
A7: Emil Sevestedt | B7: 157 | C7: 177 | D7: 238 | E7: 251
A8: Rebecka Svensson | B8: 153 | C8: 207 | D8: 197 | E8: 149
A9: Agnes Wykman | B9: 199 | C9: 136 | D9: 220 | E9: 145
A10: Elin M | C10: 13 | D10: 88
B18: =SUM(B4:B17) -> 886 | C18: =SUM(C4:C17) -> 910 | D18: =SUM(D4:D17) -> 1253 | E18: =SUM(E4:E17) -> 997 | F18: =SUM(F4:F17) -> 0 | G18: =SUM(G4:G17) -> 0 | H18: =SUM(H4:H17) -> 0 | I18: =SUM(I4:I17) -> 0 | ... M18: =SUM(M4:M17) -> 0
B20: Jan | C20: Feb | D20: Mar | E20: Apr | F20: Maj | G20: Jun | H20: Jul | I20: Aug | J20: Sep | K20: Okt | L20: Nov | M20: Dec
B21: Diff | C21: Diff | D21: Diff | E21: Diff | F21: Diff | G21: Diff | H21: Diff | I21: Diff | J21: Diff | K21: Diff | L21: Diff | M21: Diff
A22: Elin | B22: =SUM(B4-B40) -> -23 | C22: =SUM(C4-C40) -> -132 | D22: =SUM(D4-D40) -> -103 | E22: =SUM(E4-E40) -> -69 | F22: =SUM(F4-F40) -> -160 | G22: =SUM(G4-G40) -> -140 | H22: =SUM(H4-H40) -> -70 | I22: =SUM(I4-I40) -> -70 | ... M22: =SUM(M4-M40) -> -140
A23: Linnea | B23: =SUM(B5-B41) -> -71 | C23: =SUM(C5-C41) -> -4 | D23: =SUM(D5-D41) -> 39 | E23: =SUM(E5-E41) -> -45 | F23: =SUM(F5-F41) -> -240 | G23: =SUM(G5-G41) -> -220 | H23: =SUM(H5-H41) -> -70 | I23: =SUM(I5-I41) -> -180 | ... M23: =SUM(M5-M41) -> -170
A24: Nina | B24: =SUM(B6-B42) -> -79 | C24: =SUM(C6-C42) -> -52 | D24: =SUM(D6-D42) -> -36 | E24: =SUM(E6-E42) -> 16 | F24: =SUM(F6-F42) -> -200 | G24: =SUM(G6-G42) -> -180 | H24: =SUM(H6-H42) -> 0 | I24: =SUM(I6-I42) -> -200 | ... M24: =SUM(M6-M42) -> -150
A25: Emil | B25: =SUM(B7-B43) -> -53 | C25: =SUM(C7-C43) -> -3 | D25: =SUM(D7-D43) -> -2 | E25: =SUM(E7-E43) -> 31 | F25: =SUM(F7-F43) -> -240 | G25: =SUM(G7-G43) -> -200 | H25: =SUM(H7-H43) -> -120 | I25: =SUM(I7-I43) -> -120 | ... M25: =SUM(M7-M43) -> -170
A26: Rebecka | B26: =SUM(B8-B44) -> -47 | C26: =SUM(C8-C44) -> -13 | D26: =SUM(D8-D44) -> -23 | E26: =SUM(E8-E44) -> -51 | F26: =SUM(F8-F44) -> -190 | G26: =SUM(G8-G44) -> -200 | H26: =SUM(H8-H44) -> 0 | I26: =SUM(I8-I44) -> -230 | ... M26: =SUM(M8-M44) -> -170
A27: Agnes | B27: =SUM(B9-B45) -> -11 | C27: =SUM(C9-C45) -> -74 | D27: =SUM(D9-D45) -> 10 | E27: =SUM(E9-E45) -> -65 | F27: =SUM(F9-F45) -> -200 | G27: =SUM(G9-G45) -> -200 | H27: =SUM(H9-H45) -> -200 | I27: =SUM(I9-I45) -> -60 | ... M27: =SUM(M9-M45) -> -170
A28: Johanna | B28: =SUM(B10-B46) -> 0 | C28: =SUM(C10-C46) -> 13 | D28: =SUM(D10-D46) -> 88 | E28: =SUM(E10-E46) -> 0 | F28: =SUM(F10-F46) -> -60 | G28: =SUM(G10-G46) -> -160 | H28: =SUM(H10-H46) -> -200 | I28: =SUM(I10-I46) -> 0 | ... M28: =SUM(M10-M46) -> -170
B29: =SUM(B11-B47) -> 0 | C29: =SUM(C11-C47) -> 0 | D29: =SUM(D11-D47) -> 0 | E29: =SUM(E11-E47) -> 0 | F29: =SUM(F11-F47) -> 0 | G29: =SUM(G11-G47) -> 0 | H29: =SUM(H11-H47) -> 0 | I29: =SUM(I11-I47) -> 0 | ... M29: =SUM(M11-M47) -> 0
B30: =SUM(B12-B48) -> 0 | C30: =SUM(C12-C48) -> 0 | D30: =SUM(D12-D48) -> 0 | E30: =SUM(E12-E48) -> 0 | F30: =SUM(F12-F48) -> 0 | G30: =SUM(G12-G48) -> 0 | H30: =SUM(H12-H48) -> 0 | I30: =SUM(I12-I48) -> 0 | ... M30: =SUM(M12-M48) -> 0
B31: =SUM(B13-B49) -> 0 | C31: =SUM(C13-C49) -> 0 | D31: =SUM(D13-D49) -> 0 | E31: =SUM(E13-E49) -> 0 | F31: =SUM(F13-F49) -> 0 | G31: =SUM(G13-G49) -> 0 | H31: =SUM(H13-H49) -> 0 | I31: =SUM(I13-I49) -> 0 | ... M31: =SUM(M13-M49) -> 0
B32: =SUM(B14-B50) -> 0 | C32: =SUM(C14-C50) -> 0 | D32: =SUM(D14-D50) -> 0 | E32: =SUM(E14-E50) -> 0 | F32: =SUM(F14-F50) -> 0 | G32: =SUM(G14-G50) -> 0 | H32: =SUM(H14-H50) -> 0 | I32: =SUM(I14-I50) -> 0 | ... M32: =SUM(M14-M50) -> 0
B33: =SUM(B15-B51) -> 0 | C33: =SUM(C15-C51) -> 0 | D33: =SUM(D15-D51) -> 0 | E33: =SUM(E15-E51) -> 0 | F33: =SUM(F15-F51) -> 0 | G33: =SUM(G15-G51) -> 0 | H33: =SUM(H15-H51) -> 0 | I33: =SUM(I15-I51) -> 0 | ... M33: =SUM(M15-M51) -> 0
B34: =SUM(B16-B52) -> 0 | C34: =SUM(C16-C52) -> 0 | D34: =SUM(D16-D52) -> 0 | E34: =SUM(E16-E52) -> 0 | F34: =SUM(F16-F52) -> 0 | G34: =SUM(G16-G52) -> 0 | H34: =SUM(H16-H52) -> 0 | I34: =SUM(I16-I52) -> 0 | ... M34: =SUM(M16-M52) -> 0
B35: =SUM(B17-B53) -> 0 | C35: =SUM(C17-C53) -> 0 | D35: =SUM(D17-D53) -> 0 | E35: =SUM(E17-E53) -> 0 | F35: =SUM(F17-F53) -> 0 | G35: =SUM(G17-G53) -> 0 | H35: =SUM(H17-H53) -> 0 | I35: =SUM(I17-I53) -> 0 | ... M35: =SUM(M17-M53) -> 0
B36: =SUM(B22:B35) -> -284 | C36: =SUM(C22:C35) -> -265 | D36: =SUM(D22:D35) -> -27 | E36: =SUM(E22:E35) -> -183 | F36: =SUM(F22:F35) -> -1290 | G36: =SUM(G22:G35) -> -1300 | H36: =SUM(H22:H35) -> -660 | I36: =SUM(I22:I35) -> -860 | ... M36: =SUM(M22:M35) -> -1140
B38: Budget | C38: Budget | D38: Budget | E38: Budget | F38: Budget | G38: Budget | H38: Budget | I38: Budget | J38: Budget | K38: Budget | L38: Budget | M38: Budget
A39: ÅRSBUDGET POÄNG 2026 = | B39: =SUM(B40:B48) -> 1170 | C39: =SUM(C40:C48) -> 1175 | D39: =SUM(D40:D48) -> 1280 | E39: =SUM(E40:E48) -> 1180 | F39: =SUM(F40:F48) -> 1290 | G39: =SUM(G40:G48) -> 1300 | H39: =SUM(H40:H48) -> 660 | I39: =SUM(I40:I48) -> 860 | ... M39: =SUM(M40:M48) -> 1140
A40: Elin | B40: 140 | C40: 140 | D40: 160 | E40: 160 | F40: 160 | G40: 140 | H40: 70 | I40: 70 | J40: 160 | K40: 160 | L40: 160 | M40: 140
A41: Linnea | B41: 210 | C41: 225 | D41: 240 | E41: 220 | F41: 240 | G41: 220 | H41: 70 | I41: 180 | J41: 230 | K41: 200 | L41: 210 | M41: 170
A42: Nina | B42: 200 | C42: 200 | D42: 210 | E42: 170 | F42: 200 | G42: 180 | H42: 0 | I42: 200 | J42: 200 | K42: 200 | L42: 200 | M42: 150
A43: Emil | B43: 210 | C43: 180 | D43: 240 | E43: 220 | F43: 240 | G43: 200 | H43: 120 | I43: 120 | J43: 220 | K43: 240 | L43: 240 | M43: 170
A44: Rebecka | B44: 200 | C44: 220 | D44: 220 | E44: 200 | F44: 190 | G44: 200 | H44: 0 | I44: 230 | J44: 220 | K44: 220 | L44: 220 | M44: 170
A45: Agnes | B45: 210 | C45: 210 | D45: 210 | E45: 210 | F45: 200 | G45: 200 | H45: 200 | I45: 60 | J45: 240 | K45: 240 | L45: 240 | M45: 170
A46: Johanna | F46: 60 | G46: 160 | H46: 200 | I46: 0 | J46: 200 | K46: 220 | L46: 220 | M46: 170

Sheet Karlastaden
A1: Uttag poäng datum; | B1: 46063 | C1: 46086 | D1: 46106
B2: Jan | C2: Feb | D2: Mar | E2: Apr | F2: Maj | G2: Jun | H2: Jul | I2: Aug | J2: Sep | K2: Okt | L2: Nov | M2: Dec
A3: Ta ut från Verksamhetsportalen: | B3: Actual | C3: Actual | D3: Actual | E3: Actual | F3: Actual | G3: Actual | H3: Actual | I3: Actual | J3: Actual | K3: Actual | L3: Actual | M3: Actual
A4: Molly Lindmark | B4: 109 | C4: 127 | D4: 154 | E4: 175
A5: Fredrik Lindström | B5: 107 | C5: 100 | D5: 54
A6: AT timanst
A7: Agnes Wykman | B7: 0 | C7: 8 | D7: 75 | E7: 76
A8: Elin Magnusson | B8: 2 | C8: 0 | D8: 29 | E8: 74
A9: Emilia Jakobsson | B9: 8
A10: Helena Ödebrink | C10: 9
B18: =SUM(B4:B17) -> 226 | C18: =SUM(C4:C17) -> 244 | D18: =SUM(D4:D17) -> 312 | E18: =SUM(E4:E17) -> 325 | F18: =SUM(F4:F17) -> 0 | G18: =SUM(G4:G17) -> 0 | H18: =SUM(H4:H17) -> 0 | I18: =SUM(I4:I17) -> 0 | ... M18: =SUM(M4:M17) -> 0
B20: Jan | C20: Feb | D20: Mar | E20: Apr | F20: Maj | G20: Jun | H20: Jul | I20: Aug | J20: Sep | K20: Okt | L20: Nov | M20: Dec
B21: Diff | C21: Diff | D21: Diff | E21: Diff | F21: Diff | G21: Diff | H21: Diff | I21: Diff | J21: Diff | K21: Diff | L21: Diff | M21: Diff
A22: Molly FT | B22: =SUM(B4-B40) -> -83 | C22: =SUM(C4-C40) -> -65 | D22: =SUM(D4-D40) -> -62 | E22: =SUM(E4-E40) -> -25 | F22: =SUM(F4-F40) -> -200 | G22: =SUM(G4-G40) -> -180 | H22: =SUM(H4-H40) -> -80 | I22: =SUM(I4-I40) -> -80 | ... M22: =SUM(M4-M40) -> -180
A23: Fredrik FT | B23: =SUM(B5-B41) -> -53 | C23: =SUM(C5-C41) -> -90 | D23: =SUM(D5-D41) -> -156 | E23: =SUM(E5-E41) -> -220 | F23: =SUM(F5-F41) -> -220 | G23: =SUM(G5-G41) -> -200 | H23: =SUM(H5-H41) -> -100 | I23: =SUM(I5-I41) -> -140 | ... M23: =SUM(M5-M41) -> -180
A24: AT timanst | B24: =SUM(B6-B42) -> -100 | C24: =SUM(C6-C42) -> -100 | D24: =SUM(D6-D42) -> -100 | E24: =SUM(E6-E42) -> -100 | F24: =SUM(F6-F42) -> -100 | G24: =SUM(G6-G42) -> -100 | H24: =SUM(H6-H42) -> -45 | I24: =SUM(I6-I42) -> -45 | ... M24: =SUM(M6-M42) -> -80
B25: =SUM(B7-B43) -> 0 | C25: =SUM(C7-C43) -> 8 | D25: =SUM(D7-D43) -> 75 | E25: =SUM(E7-E43) -> 76 | F25: =SUM(F7-F43) -> 0 | G25: =SUM(G7-G43) -> 0 | H25: =SUM(H7-H43) -> 0 | I25: =SUM(I7-I43) -> 0 | ... M25: =SUM(M7-M43) -> 0
B26: =SUM(B8-B44) -> 2 | C26: =SUM(C8-C44) -> 0 | D26: =SUM(D8-D44) -> 29 | E26: =SUM(E8-E44) -> 74 | F26: =SUM(F8-F44) -> 0 | G26: =SUM(G8-G44) -> 0 | H26: =SUM(H8-H44) -> 0 | I26: =SUM(I8-I44) -> 0 | ... M26: =SUM(M8-M44) -> 0
B27: =SUM(B9-B45) -> 8 | C27: =SUM(C9-C45) -> 0 | D27: =SUM(D9-D45) -> 0 | E27: =SUM(E9-E45) -> 0 | F27: =SUM(F9-F45) -> 0 | G27: =SUM(G9-G45) -> 0 | H27: =SUM(H9-H45) -> 0 | I27: =SUM(I9-I45) -> 0 | ... M27: =SUM(M9-M45) -> 0
B28: =SUM(B10-B46) -> 0 | C28: =SUM(C10-C46) -> 9 | D28: =SUM(D10-D46) -> 0 | E28: =SUM(E10-E46) -> 0 | F28: =SUM(F10-F46) -> 0 | G28: =SUM(G10-G46) -> 0 | H28: =SUM(H10-H46) -> 0 | I28: =SUM(I10-I46) -> 0 | ... M28: =SUM(M10-M46) -> 0
B29: =SUM(B11-B47) -> 0 | C29: =SUM(C11-C47) -> 0 | D29: =SUM(D11-D47) -> 0 | E29: =SUM(E11-E47) -> 0 | F29: =SUM(F11-F47) -> 0 | G29: =SUM(G11-G47) -> 0 | H29: =SUM(H11-H47) -> 0 | I29: =SUM(I11-I47) -> 0 | ... M29: =SUM(M11-M47) -> 0
B30: =SUM(B12-B48) -> 0 | C30: =SUM(C12-C48) -> 0 | D30: =SUM(D12-D48) -> 0 | E30: =SUM(E12-E48) -> 0 | F30: =SUM(F12-F48) -> 0 | G30: =SUM(G12-G48) -> 0 | H30: =SUM(H12-H48) -> 0 | I30: =SUM(I12-I48) -> 0 | ... M30: =SUM(M12-M48) -> 0
B31: =SUM(B13-B49) -> 0 | C31: =SUM(C13-C49) -> 0 | D31: =SUM(D13-D49) -> 0 | E31: =SUM(E13-E49) -> 0 | F31: =SUM(F13-F49) -> 0 | G31: =SUM(G13-G49) -> 0 | H31: =SUM(H13-H49) -> 0 | I31: =SUM(I13-I49) -> 0 | ... M31: =SUM(M13-M49) -> 0
B32: =SUM(B14-B50) -> 0 | C32: =SUM(C14-C50) -> 0 | D32: =SUM(D14-D50) -> 0 | E32: =SUM(E14-E50) -> 0 | F32: =SUM(F14-F50) -> 0 | G32: =SUM(G14-G50) -> 0 | H32: =SUM(H14-H50) -> 0 | I32: =SUM(I14-I50) -> 0 | ... M32: =SUM(M14-M50) -> 0
B33: =SUM(B15-B51) -> 0 | C33: =SUM(C15-C51) -> 0 | D33: =SUM(D15-D51) -> 0 | E33: =SUM(E15-E51) -> 0 | F33: =SUM(F15-F51) -> 0 | G33: =SUM(G15-G51) -> 0 | H33: =SUM(H15-H51) -> 0 | I33: =SUM(I15-I51) -> 0 | ... M33: =SUM(M15-M51) -> 0
B34: =SUM(B16-B52) -> 0 | C34: =SUM(C16-C52) -> 0 | D34: =SUM(D16-D52) -> 0 | E34: =SUM(E16-E52) -> 0 | F34: =SUM(F16-F52) -> 0 | G34: =SUM(G16-G52) -> 0 | H34: =SUM(H16-H52) -> 0 | I34: =SUM(I16-I52) -> 0 | ... M34: =SUM(M16-M52) -> 0
B35: =SUM(B17-B53) -> 0 | C35: =SUM(C17-C53) -> 0 | D35: =SUM(D17-D53) -> 0 | E35: =SUM(E17-E53) -> 0 | F35: =SUM(F17-F53) -> 0 | G35: =SUM(G17-G53) -> 0 | H35: =SUM(H17-H53) -> 0 | I35: =SUM(I17-I53) -> 0 | ... M35: =SUM(M17-M53) -> 0
B36: =SUM(B22:B35) -> -226 | C36: =SUM(C22:C35) -> -238 | D36: =SUM(D22:D35) -> -214 | E36: =SUM(E22:E35) -> -195 | F36: =SUM(F22:F35) -> -520 | G36: =SUM(G22:G35) -> -480 | H36: =SUM(H22:H35) -> -225 | I36: =SUM(I22:I35) -> -265 | ... M36: =SUM(M22:M35) -> -440
B38: Budget | C38: Budget | D38: Budget | E38: Budget | F38: Budget | G38: Budget | H38: Budget | I38: Budget | J38: Budget | K38: Budget | L38: Budget | M38: Budget
A39: ÅRSBUDGET POÄNG 2026 = | B39: =SUM(B40:B48) -> 452 | C39: =SUM(C40:C48) -> 482 | D39: =SUM(D40:D48) -> 526 | E39: =SUM(E40:E48) -> 520 | F39: =SUM(F40:F48) -> 520 | G39: =SUM(G40:G48) -> 480 | H39: =SUM(H40:H48) -> 225 | I39: =SUM(I40:I48) -> 265 | ... M39: =SUM(M40:M48) -> 440
A40: Molly FT | B40: 192 | C40: 192 | D40: 216 | E40: 200 | F40: 200 | G40: 180 | H40: 80 | I40: 80 | J40: 200 | K40: 216 | L40: 216 | M40: 180
A41: Fredrik FT | B41: 160 | C41: 190 | D41: 210 | E41: 220 | F41: 220 | G41: 200 | H41: 100 | I41: 140 | J41: 240 | K41: 240 | L41: 240 | M41: 180
A42: AT timanst | B42: 100 | C42: 100 | D42: 100 | E42: 100 | F42: 100 | G42: 100 | H42: 45 | I42: 45 | J42: 100 | K42: 100 | L42: 100 | M42: 80

Sheet Tanum och Fjällbacka
A1: Uttag poäng datum; | B1: 46063 | C1: 46086 | D1: 46121
B2: Jan | C2: Feb | D2: Mar | E2: Apr | F2: Maj | G2: Jun | H2: Jul | I2: Aug | J2: Sep | K2: Okt | L2: Nov | M2: Dec
A3: Ta ut från Verksamhetsportalen: | B3: Actual | C3: Actual | D3: Actual | E3: Actual | F3: Actual | G3: Actual | H3: Actual | I3: Actual | J3: Actual | K3: Actual | L3: Actual | M3: Actual | N3: Kommentarer;
A4: Emma Andersson | B4: 232 | C4: 264 | D4: 300 | E4: 250
A5: Wilma Bogren | B5: 239 | C5: 144 | D5: 246 | E5: 251
A6: Maria Torstensson | B6: 230 | C6: 246 | D6: 184 | E6: 232
A7: Albin Kolberg | B7: 102 | C7: 100 | D7: 121
A8: Maja Fresk | B8: 69 | C8: 111 | D8: 69
A9: Beata Uggla | B9: 95 | C9: 99 | D9: 77 | E9: 109
A10: Thomas Lindblom | B10: 21 | C10: 19 | D10: 24 | E10: 30
A11: Vikarie ( Charlotta L A) | B11: 0 | C11: 147 | D11: 260 | E11: 224
A12: Vikarie ( Åsa H) | B12: 96 | C12: 99 | D12: 108 | E12: 125
A13: Annica H | E13: 60
B18: =SUM(B4:B17) -> 1084 | C18: =SUM(C4:C17) -> 1229 | D18: =SUM(D4:D17) -> 1389 | E18: =SUM(E4:E17) -> 1281 | F18: =SUM(F4:F17) -> 0 | G18: =SUM(G4:G17) -> 0 | H18: =SUM(H4:H17) -> 0 | I18: =SUM(I4:I17) -> 0 | ... M18: =SUM(M4:M17) -> 0
B20: Jan | C20: Feb | D20: Mar | E20: Apr | F20: Maj | G20: Jun | H20: Jul | I20: Aug | J20: Sep | K20: Okt | L20: Nov | M20: Dec
B21: DIFF | C21: DIFF | D21: DIFF | E21: DIFF | F21: DIFF | G21: DIFF | H21: DIFF | I21: DIFF | J21: DIFF | K21: DIFF | L21: DIFF | M21: DIFF | N21: Kommentarer;
A22: Emma Andersson | B22: =SUM(B4-B40) -> 22 | C22: =SUM(C4-C40) -> 54 | D22: =SUM(D4-D40) -> 90 | E22: =SUM(E4-E40) -> 106 | F22: =SUM(F4-F40) -> -210 | G22: =SUM(G4-G40) -> -144 | H22: =SUM(H4-H40) -> -144 | I22: =SUM(I4-I40) -> -210 | ... M22: =SUM(M4-M40) -> -210
A23: Wilma Bogren | B23: =SUM(B5-B41) -> 47 | C23: =SUM(C5-C41) -> -96 | D23: =SUM(D5-D41) -> 6 | E23: =SUM(E5-E41) -> 11 | F23: =SUM(F5-F41) -> -226 | G23: =SUM(G5-G41) -> -240 | H23: =SUM(H5-H41) -> -60 | I23: =SUM(I5-I41) -> -120 | ... M23: =SUM(M5-M41) -> -192
A24: Maria Torstensson | B24: =SUM(B6-B42) -> 38 | C24: =SUM(C6-C42) -> 126 | D24: =SUM(D6-D42) -> -56 | E24: =SUM(E6-E42) -> -8 | F24: =SUM(F6-F42) -> -226 | G24: =SUM(G6-G42) -> -120 | H24: =SUM(H6-H42) -> -120 | I24: =SUM(I6-I42) -> -240 | ... M24: =SUM(M6-M42) -> -220
A25: Albin Kolberg | B25: =SUM(B7-B43) -> -6 | C25: =SUM(C7-C43) -> -8 | D25: =SUM(D7-D43) -> -23 | E25: =SUM(E7-E43) -> -144 | F25: =SUM(F7-F43) -> -144 | G25: =SUM(G7-G43) -> 0 | H25: =SUM(H7-H43) -> 0 | I25: =SUM(I7-I43) -> -70 | ... M25: =SUM(M7-M43) -> -144
A26: Maja Fresk | B26: =SUM(B8-B44) -> -46 | C26: =SUM(C8-C44) -> -4 | D26: =SUM(D8-D44) -> -46 | E26: =SUM(E8-E44) -> -115 | F26: =SUM(F8-F44) -> -115 | G26: =SUM(G8-G44) -> -70 | H26: =SUM(H8-H44) -> -70 | I26: =SUM(I8-I44) -> -115 | ... M26: =SUM(M8-M44) -> -115
A27: Beata Uggla | B27: =SUM(B9-B45) -> -70 | C27: =SUM(C9-C45) -> -86 | D27: =SUM(D9-D45) -> -108 | E27: =SUM(E9-E45) -> -76 | F27: =SUM(F9-F45) -> -165 | G27: =SUM(G9-G45) -> -185 | H27: =SUM(H9-H45) -> -95 | I27: =SUM(I9-I45) -> -95 | ... M27: =SUM(M9-M45) -> -95
A28: Thomas Lindblom | B28: =SUM(B10-B46) -> -13 | C28: =SUM(C10-C46) -> -15 | D28: =SUM(D10-D46) -> -10 | E28: =SUM(E10-E46) -> -4 | F28: =SUM(F10-F46) -> -34 | G28: =SUM(G10-G46) -> -34 | H28: =SUM(H10-H46) -> -34 | I28: =SUM(I10-I46) -> -34 | ... M28: =SUM(M10-M46) -> -34
A29: Vikarie ( Charlotta L A) | B29: =SUM(B11-B47) -> -24 | C29: =SUM(C11-C47) -> 123 | D29: =SUM(D11-D47) -> 236 | E29: =SUM(E11-E47) -> 200 | F29: =SUM(F11-F47) -> -24 | G29: =SUM(G11-G47) -> -24 | H29: =SUM(H11-H47) -> -24 | I29: =SUM(I11-I47) -> -24 | ... M29: =SUM(M11-M47) -> -24
A30: Vikarie ( Åsa H) | B30: =SUM(B12-B48) -> 96 | C30: =SUM(C12-C48) -> 99 | D30: =SUM(D12-D48) -> 108 | E30: =SUM(E12-E48) -> 125 | F30: =SUM(F12-F48) -> 0 | G30: =SUM(G12-G48) -> -160 | H30: =SUM(H12-H48) -> -160 | I30: =SUM(I12-I48) -> -160 | ... M30: =SUM(M12-M48) -> 0
B31: =SUM(B13-B49) -> 0 | C31: =SUM(C13-C49) -> 0 | D31: =SUM(D13-D49) -> 0 | E31: =SUM(E13-E49) -> 60 | F31: =SUM(F13-F49) -> 0 | G31: =SUM(G13-G49) -> 0 | H31: =SUM(H13-H49) -> 0 | I31: =SUM(I13-I49) -> 0 | ... M31: =SUM(M13-M49) -> 0
B32: =SUM(B14-B50) -> 0 | C32: =SUM(C14-C50) -> 0 | D32: =SUM(D14-D50) -> 0 | E32: =SUM(E14-E50) -> 0 | F32: =SUM(F14-F50) -> 0 | G32: =SUM(G14-G50) -> 0 | H32: =SUM(H14-H50) -> 0 | I32: =SUM(I14-I50) -> 0 | ... M32: =SUM(M14-M50) -> 0
B33: =SUM(B15-B51) -> 0 | C33: =SUM(C15-C51) -> 0 | D33: =SUM(D15-D51) -> 0 | E33: =SUM(E15-E51) -> 0 | F33: =SUM(F15-F51) -> 0 | G33: =SUM(G15-G51) -> 0 | H33: =SUM(H15-H51) -> 0 | I33: =SUM(I15-I51) -> 0 | ... M33: =SUM(M15-M51) -> 0
B34: =SUM(B16-B52) -> 0 | C34: =SUM(C16-C52) -> 0 | D34: =SUM(D16-D52) -> 0 | E34: =SUM(E16-E52) -> 0 | F34: =SUM(F16-F52) -> 0 | G34: =SUM(G16-G52) -> 0 | H34: =SUM(H16-H52) -> 0 | I34: =SUM(I16-I52) -> 0 | ... M34: =SUM(M16-M52) -> 0
B35: =SUM(B17-B53) -> 0 | C35: =SUM(C17-C53) -> 0 | D35: =SUM(D17-D53) -> 0 | E35: =SUM(E17-E53) -> 0 | F35: =SUM(F17-F53) -> 0 | G35: =SUM(G17-G53) -> 0 | H35: =SUM(H17-H53) -> 0 | I35: =SUM(I17-I53) -> 0 | ... M35: =SUM(M17-M53) -> 0
B36: =SUM(B22:B35) -> 44 | C36: =SUM(C22:C35) -> 193 | D36: =SUM(D22:D35) -> 197 | E36: =SUM(E22:E35) -> 155 | F36: =SUM(F22:F35) -> -1144 | G36: =SUM(G22:G35) -> -977 | H36: =SUM(H22:H35) -> -707 | I36: =SUM(I22:I35) -> -1068 | ... M36: =SUM(M22:M35) -> -1034
B38: Budget | C38: Budget | D38: Budget | E38: Budget | F38: Budget | G38: Budget | H38: Budget | I38: Budget | J38: Budget | K38: Budget | L38: Budget | M38: Budget
A39: ÅRSBUDGET POÄNG 2026 = | B39: =SUM(B40:B48) -> 1040 | C39: =SUM(C40:C48) -> 1036 | D39: =SUM(D40:D48) -> 1192 | E39: =SUM(E40:E48) -> 1126 | F39: =SUM(F40:F48) -> 1144 | G39: =SUM(G40:G48) -> 977 | H39: =SUM(H40:H48) -> 707 | I39: =SUM(I40:I48) -> 1068 | ... M39: =SUM(M40:M48) -> 1034
A40: Emma Andersson | B40: 210 | C40: 210 | D40: 210 | E40: 144 | F40: 210 | G40: 144 | H40: 144 | I40: 210 | J40: 210 | K40: 144 | L40: 210 | M40: 210
A41: Wilma Bogren | B41: 192 | C41: 240 | D41: 240 | E41: 240 | F41: 226 | G41: 240 | H41: 60 | I41: 120 | J41: 240 | K41: 240 | L41: 192 | M41: 192
A42: Maria Torstensson | B42: 192 | C42: 120 | D42: 240 | E42: 240 | F42: 226 | G42: 120 | H42: 120 | I42: 240 | J42: 240 | K42: 240 | L42: 240 | M42: 220
A43: Albin Kolberg | B43: 108 | C43: 108 | D43: 144 | E43: 144 | F43: 144 | G43: 0 | H43: 0 | I43: 70 | J43: 144 | K43: 144 | L43: 144 | M43: 144
A44: Maja Fresk | B44: 115 | C44: 115 | D44: 115 | E44: 115 | F44: 115 | G44: 70 | H44: 70 | I44: 115 | J44: 115 | K44: 115 | L44: 115 | M44: 115
A45: Beata Uggla | B45: 165 | C45: 185 | D45: 185 | E45: 185 | F45: 165 | G45: 185 | H45: 95 | I45: 95 | J45: 185 | K45: 185 | L45: 185 | M45: 95
A46: Thomas Lindblom | B46: 34 | C46: 34 | D46: 34 | E46: 34 | F46: 34 | G46: 34 | H46: 34 | I46: 34 | J46: 34 | K46: 34 | L46: 34 | M46: 34
A47: Vikarie ( Charlotta L A) | B47: 24 | C47: 24 | D47: 24 | E47: 24 | F47: 24 | G47: 24 | H47: 24 | I47: 24 | J47: 24 | K47: 24 | L47: 24 | M47: 24
A48: Vikarie ( Åsa H) | G48: 160 | H48: 160 | I48: 160

Sheet Brålanda-Torpa
A1: Uttag poäng datum; | B1: 46063 | C1: 46086
B2: Jan | C2: Feb | D2: Mar | E2: Apr | F2: Maj | G2: Jun | H2: Jul | I2: Aug | J2: Sep | K2: Okt | L2: Nov | M2: Dec
A3: Ta ut från Verksamhetsportalen: | B3: Actual | C3: Actual | D3: Actual | E3: Actual | F3: Actual | G3: Actual | H3: Actual | I3: Actual | J3: Actual | K3: Actual | L3: Actual | M3: Actual
A4: Ajla Spahic | B4: 167 | C4: 86 | D4: 0 | E4: 0 | F4: 0 | G4: 0 | H4: 0 | I4: 0 | J4: 0 | K4: 0 | L4: 0 | M4: 0
A5: Jenny Trommer | B5: 0 | C5: 66 | D5: 72 | E5: 48
A6: Kikki Lundborg | B6: 250 | C6: 294 | D6: 197 | E6: 312
A7: Yasmine Holm | B7: 177 | C7: 211 | D7: 234 | E7: 180
A8: David Jansson | B8: 145 | C8: 136 | D8: 17 | E8: 0 | F8: 0 | G8: 0 | H8: 0 | I8: 0 | J8: 0 | K8: 0 | L8: 0 | M8: 0
A9: Anna Lorentzon | B9: 73 | C9: 81 | D9: 97 | E9: 142
A10: Sheerin Abedelbari | B10: 146 | C10: 177 | D10: 213 | E10: 207
A11: Sabrina Mesic | B11: 0 | C11: 29 | D11: 55 | E11: 110
A12: Charlotta West ( ej med i budget) | C12: 96 | D12: 102 | E12: 100
A13: Ny Mikael Lund | C13: 16 | D13: 89
A14: Gylgjan Z | E14: 53
A15: Mikael L | E15: 139
B18: =SUM(B4:B17) -> 958 | C18: =SUM(C4:C17) -> 1192 | D18: =SUM(D4:D17) -> 1076 | E18: =SUM(E4:E17) -> 1291 | F18: =SUM(F4:F17) -> 0 | G18: =SUM(G4:G17) -> 0 | H18: =SUM(H4:H17) -> 0 | I18: =SUM(I4:I17) -> 0 | ... M18: =SUM(M4:M17) -> 0
B20: Jan | C20: Feb | D20: Mar | E20: Apr | F20: Maj | G20: Jun | H20: Jul | I20: Aug | J20: Sep | K20: Okt | L20: Nov | M20: Dec
B21: Diff | C21: Diff | D21: Diff | E21: Diff | F21: Diff | G21: Diff | H21: Diff | I21: Diff | J21: Diff | K21: Diff | L21: Diff | M21: Diff
A22: Ajla Spahic | B22: =SUM(B4-B40) -> -48 | C22: =SUM(C4-C40) -> -129 | D22: =SUM(D4-D40) -> -215 | E22: =SUM(E4-E40) -> -200 | F22: =SUM(F4-F40) -> -215 | G22: =SUM(G4-G40) -> -200 | H22: =SUM(H4-H40) -> -215 | I22: =SUM(I4-I40) -> -215 | ... M22: =SUM(M4-M40) -> -200 | N22: slutat 20/2 2026
A23: Jenny Trommer | B23: =SUM(B5-B41) -> 0 | C23: =SUM(C5-C41) -> -34 | D23: =SUM(D5-D41) -> -28 | E23: =SUM(E5-E41) -> -52 | F23: =SUM(F5-F41) -> -120 | G23: =SUM(G5-G41) -> -100 | H23: =SUM(H5-H41) -> -120 | I23: =SUM(I5-I41) -> -100 | ... M23: =SUM(M5-M41) -> -180
A24: Kikki Lundborg | B24: =SUM(B6-B42) -> 10 | C24: =SUM(C6-C42) -> 54 | D24: =SUM(D6-D42) -> -43 | E24: =SUM(E6-E42) -> 92 | F24: =SUM(F6-F42) -> -240 | G24: =SUM(G6-G42) -> -180 | H24: =SUM(H6-H42) -> -120 | I24: =SUM(I6-I42) -> -120 | ... M24: =SUM(M6-M42) -> -200 | N24: Sept-dec 40% (i budget 80)
A25: Yasmine Holm | B25: =SUM(B7-B43) -> -23 | C25: =SUM(C7-C43) -> 11 | D25: =SUM(D7-D43) -> 34 | E25: =SUM(E7-E43) -> 0 | F25: =SUM(F7-F43) -> -200 | G25: =SUM(G7-G43) -> -180 | H25: =SUM(H7-H43) -> -100 | I25: =SUM(I7-I43) -> -100 | ... M25: =SUM(M7-M43) -> -200
A26: David Jansson | B26: =SUM(B8-B44) -> -55 | C26: =SUM(C8-C44) -> -64 | D26: =SUM(D8-D44) -> -183 | E26: =SUM(E8-E44) -> -200 | F26: =SUM(F8-F44) -> -200 | G26: =SUM(G8-G44) -> -200 | H26: =SUM(H8-H44) -> -200 | I26: =SUM(I8-I44) -> -200 | ... M26: =SUM(M8-M44) -> -200 | N26: Slutat 3/3 2026
A27: Anna Lorentzon | B27: =SUM(B9-B45) -> -77 | C27: =SUM(C9-C45) -> -69 | D27: =SUM(D9-D45) -> -53 | E27: =SUM(E9-E45) -> 12 | F27: =SUM(F9-F45) -> -150 | G27: =SUM(G9-G45) -> -150 | H27: =SUM(H9-H45) -> -75 | I27: =SUM(I9-I45) -> -75 | ... M27: =SUM(M9-M45) -> -120
A28: Sheerin Abedelbari | B28: =SUM(B10-B46) -> 26 | C28: =SUM(C10-C46) -> 57 | D28: =SUM(D10-D46) -> 93 | E28: =SUM(E10-E46) -> 107 | F28: =SUM(F10-F46) -> -120 | G28: =SUM(G10-G46) -> -120 | H28: =SUM(H10-H46) -> -120 | I28: =SUM(I10-I46) -> -120 | ... M28: =SUM(M10-M46) -> -120
A29: Sabrina Mesic | B29: =SUM(B11-B47) -> 0 | C29: =SUM(C11-C47) -> -71 | D29: =SUM(D11-D47) -> -45 | E29: =SUM(E11-E47) -> 30 | F29: =SUM(F11-F47) -> -100 | G29: =SUM(G11-G47) -> -100 | H29: =SUM(H11-H47) -> -100 | I29: =SUM(I11-I47) -> -100 | ... M29: =SUM(M11-M47) -> -200
A30: Charlotta West ( ej med i budget) | B30: =SUM(B12-B48) -> 0 | C30: =SUM(C12-C48) -> 96 | D30: =SUM(D12-D48) -> 102 | E30: =SUM(E12-E48) -> 100 | F30: =SUM(F12-F48) -> 0 | G30: =SUM(G12-G48) -> 0 | H30: =SUM(H12-H48) -> 0 | I30: =SUM(I12-I48) -> 0 | ... M30: =SUM(M12-M48) -> 0 | N30: Ersätter Ajla 40%
A31: Ny Mikael Lund | B31: =SUM(B13-B49) -> 0 | C31: =SUM(C13-C49) -> 16 | D31: =SUM(D13-D49) -> 89 | E31: =SUM(E13-E49) -> 0 | F31: =SUM(F13-F49) -> 0 | G31: =SUM(G13-G49) -> 0 | H31: =SUM(H13-H49) -> 0 | I31: =SUM(I13-I49) -> 0 | ... M31: =SUM(M13-M49) -> 0
A32: Gylgjan Z | B32: =SUM(B14-B50) -> 0 | C32: =SUM(C14-C50) -> 0 | D32: =SUM(D14-D50) -> 0 | E32: =SUM(E14-E50) -> 53 | F32: =SUM(F14-F50) -> 0 | G32: =SUM(G14-G50) -> 0 | H32: =SUM(H14-H50) -> 0 | I32: =SUM(I14-I50) -> 0 | ... M32: =SUM(M14-M50) -> 0
A33: Mikael L | B33: =SUM(B15-B51) -> 0 | C33: =SUM(C15-C51) -> 0 | D33: =SUM(D15-D51) -> 0 | E33: =SUM(E15-E51) -> 139 | F33: =SUM(F15-F51) -> 0 | G33: =SUM(G15-G51) -> 0 | H33: =SUM(H15-H51) -> 0 | I33: =SUM(I15-I51) -> 0 | ... M33: =SUM(M15-M51) -> 0
B34: =SUM(B16-B52) -> 0 | C34: =SUM(C16-C52) -> 0 | D34: =SUM(D16-D52) -> 0 | E34: =SUM(E16-E52) -> 0 | F34: =SUM(F16-F52) -> 0 | G34: =SUM(G16-G52) -> 0 | H34: =SUM(H16-H52) -> 0 | I34: =SUM(I16-I52) -> 0 | ... M34: =SUM(M16-M52) -> 0
B35: =SUM(B17-B53) -> 0 | C35: =SUM(C17-C53) -> 0 | D35: =SUM(D17-D53) -> 0 | E35: =SUM(E17-E53) -> 0 | F35: =SUM(F17-F53) -> 0 | G35: =SUM(G17-G53) -> 0 | H35: =SUM(H17-H53) -> 0 | I35: =SUM(I17-I53) -> 0 | ... M35: =SUM(M17-M53) -> 0
B36: =SUM(B22:B35) -> -167 | C36: =SUM(C22:C35) -> -133 | D36: =SUM(D22:D35) -> -249 | E36: =SUM(E22:E35) -> 81 | F36: =SUM(F22:F35) -> -1345 | G36: =SUM(G22:G35) -> -1230 | H36: =SUM(H22:H35) -> -1050 | I36: =SUM(I22:I35) -> -1030 | ... M36: =SUM(M22:M35) -> -1420
B38: Budget | C38: Budget | D38: Budget | E38: Budget | F38: Budget | G38: Budget | H38: Budget | I38: Budget | J38: Budget | K38: Budget | L38: Budget | M38: Budget
A39: ÅRSBUDGET POÄNG 2026 = | B39: =SUM(B40:B47) -> 1125 | C39: =SUM(C40:C47) -> 1325 | D39: =SUM(D40:D47) -> 1325 | E39: =SUM(E40:E47) -> 1210 | F39: =SUM(F40:F47) -> 1345 | G39: =SUM(G40:G47) -> 1230 | H39: =SUM(H40:H47) -> 1050 | I39: =SUM(I40:I47) -> 1030 | ... M39: =SUM(M40:M47) -> 1420
A40: Ajla Spahic | B40: 215 | C40: 215 | D40: 215 | E40: 200 | F40: 215 | G40: 200 | H40: 215 | I40: 215 | J40: 215 | K40: 215 | L40: 215 | M40: 200
A41: Jenny Trommer | B41: 0 | C41: 100 | D41: 100 | E41: 100 | F41: 120 | G41: 100 | H41: 120 | I41: 100 | J41: 180 | K41: 180 | L41: 180 | M41: 180
A42: Kikki Lundborg | B42: 240 | C42: 240 | D42: 240 | E42: 220 | F42: 240 | G42: 180 | H42: 120 | I42: 120 | J42: 240 | K42: 240 | L42: 240 | M42: 200
A43: Yasmine Holm | B43: 200 | C43: 200 | D43: 200 | E43: 180 | F43: 200 | G43: 180 | H43: 100 | I43: 100 | J43: 200 | K43: 200 | L43: 200 | M43: 200
A44: David Jansson | B44: 200 | C44: 200 | D44: 200 | E44: 200 | F44: 200 | G44: 200 | H44: 200 | I44: 200 | J44: 200 | K44: 200 | L44: 200 | M44: 200
A45: Anna Lorentzon | B45: 150 | C45: 150 | D45: 150 | E45: 130 | F45: 150 | G45: 150 | H45: 75 | I45: 75 | J45: 150 | K45: 150 | L45: 150 | M45: 120
A46: Sheerin Abedelbari | B46: 120 | C46: 120 | D46: 120 | E46: 100 | F46: 120 | G46: 120 | H46: 120 | I46: 120 | J46: 120 | K46: 120 | L46: 120 | M46: 120
A47: Sabrina Mesic | B47: 0 | C47: 100 | D47: 100 | E47: 80 | F47: 100 | G47: 100 | H47: 100 | I47: 100 | J47: 200 | K47: 240 | L47: 240 | M47: 200
A48: Charlotta West ( ej med i budget)
A49: Ny Mikael Lund
A50: Gylgjan Z
A51: Mikael L

Sheet Noltrop
A1: Uttag poäng datum; | B1: 46063 | C1: 46086
B2: Jan | C2: Feb | D2: Mar | E2: Apr | F2: Maj | G2: Jun | H2: Jul | I2: Aug | J2: Sep | K2: Okt | L2: Nov | M2: Dec
A3: Ta ut från Verksamhetsportalen: | B3: Actual | C3: Actual | D3: Actual | E3: Actual | F3: Actual | G3: Actual | H3: Actual | I3: Actual | J3: Actual | K3: Actual | L3: Actual | M3: Actual
A4: Sanna Åstrand | B4: 178 | C4: 319 | D4: 355 | E4: 337
A5: Kristina Tjernberg | B5: 178 | C5: 158 | D5: 181 | E5: 192
A6: Sanna NE | B6: 197 | C6: 147 | D6: 200 | E6: 219
A7: Carolin Sandberg
A8: Emelie Axelsson
A9: Annie Valio | B9: 11 | C9: 12 | D9: 53 | E9: 16
A10: Sara Thorvaldsson
A11: David Lycksander | B11: 231 | C11: 230 | D11: 218 | E11: 191
A12: Johanna Forslund | B12: 163 | C12: 82 | D12: 224 | E12: 194
A13: Emma Hillberg | B13: 130 | C13: 222 | D13: 222 | E13: 253
A14: Elias Österberg | B14: 50 | C14: 129 | D14: 235 | E14: 183
A15: Linda Wahlström | B15: 91 | C15: 116 | D15: 186 | E15: 118
A16: Agnes Weijland Carlsson | B16: 4 | C16: 0 | E16: 152
A17: Åsa Tillmar | B17: 138 | C17: 191 | D17: 181 | E17: 162
A18: Åsa Holmstrand | D18: 2 | E18: 1
B20: =SUM(B4:B19) -> 1371 | C20: =SUM(C4:C19) -> 1606 | D20: =SUM(D4:D19) -> 2057 | E20: =SUM(E4:E19) -> 2018 | F20: =SUM(F4:F19) -> 0 | G20: =SUM(G4:G19) -> 0 | H20: =SUM(H4:H19) -> 0 | I20: =SUM(I4:I19) -> 0 | ... M20: =SUM(M4:M19) -> 0
B22: Jan | C22: Feb | D22: Mar | E22: Apr | F22: Maj | G22: Jun | H22: Jul | I22: Aug | J22: Sep | K22: Okt | L22: Nov | M22: Dec
B23: Diff | C23: Diff | D23: Diff | E23: Diff | F23: Diff | G23: Diff | H23: Diff | I23: Diff | J23: Diff | K23: Diff | L23: Diff | M23: Diff
A24: Sanna Åstrand | B24: =SUM(B4-B43) -> -112 | C24: =SUM(C4-C43) -> 29 | D24: =SUM(D4-D43) -> 65 | E24: =SUM(E4-E43) -> 47 | F24: =SUM(F4-F43) -> -280 | G24: =SUM(G4-G43) -> -145 | H24: =SUM(H4-H43) -> 0 | I24: =SUM(I4-I43) -> -75 | ... M24: =SUM(M4-M43) -> -250
A25: Kristina Tjernberg | B25: =SUM(B5-B44) -> -26 | C25: =SUM(C5-C44) -> -46 | D25: =SUM(D5-D44) -> -23 | E25: =SUM(E5-E44) -> 10 | F25: =SUM(F5-F44) -> -170 | G25: =SUM(G5-G44) -> -194 | H25: =SUM(H5-H44) -> -48 | I25: =SUM(I5-I44) -> -96 | ... M25: =SUM(M5-M44) -> -184
A26: Sanna NE | B26: =SUM(B6-B45) -> 1 | C26: =SUM(C6-C45) -> -49 | D26: =SUM(D6-D45) -> 4 | E26: =SUM(E6-E45) -> 46 | F26: =SUM(F6-F45) -> -165 | G26: =SUM(G6-G45) -> -170 | H26: =SUM(H6-H45) -> -100 | I26: =SUM(I6-I45) -> -60 | ... M26: =SUM(M6-M45) -> -190
A27: Carolin Sandberg | B27: =SUM(B7-B46) -> 0 | C27: =SUM(C7-C46) -> 0 | D27: =SUM(D7-D46) -> 0 | E27: =SUM(E7-E46) -> 0 | F27: =SUM(F7-F46) -> 0 | G27: =SUM(G7-G46) -> 0 | H27: =SUM(H7-H46) -> 0 | I27: =SUM(I7-I46) -> -120 | ... M27: =SUM(M7-M46) -> -165
A28: Emelie Axelsson | B28: =SUM(B8-B47) -> 0 | C28: =SUM(C8-C47) -> 0 | D28: =SUM(D8-D47) -> 0 | E28: =SUM(E8-E47) -> 0 | F28: =SUM(F8-F47) -> 0 | G28: =SUM(G8-G47) -> 0 | H28: =SUM(H8-H47) -> 0 | I28: =SUM(I8-I47) -> 0 | ... M28: =SUM(M8-M47) -> -100
A29: Annie Valio | B29: =SUM(B9-B48) -> -13 | C29: =SUM(C9-C48) -> -12 | D29: =SUM(D9-D48) -> 29 | E29: =SUM(E9-E48) -> -8 | F29: =SUM(F9-F48) -> -24 | G29: =SUM(G9-G48) -> -24 | H29: =SUM(H9-H48) -> 0 | I29: =SUM(I9-I48) -> -10 | ... M29: =SUM(M9-M48) -> -10
A30: Sara Thorvaldsson | B30: =SUM(B10-B49) -> 0 | C30: =SUM(C10-C49) -> 0 | D30: =SUM(D10-D49) -> 0 | E30: =SUM(E10-E49) -> 0 | F30: =SUM(F10-F49) -> 0 | G30: =SUM(G10-G49) -> 0 | H30: =SUM(H10-H49) -> 0 | I30: =SUM(I10-I49) -> 0 | ... M30: =SUM(M10-M49) -> 0
A31: David Lycksander | B31: =SUM(B11-B50) -> 27 | C31: =SUM(C11-C50) -> 26 | D31: =SUM(D11-D50) -> 14 | E31: =SUM(E11-E50) -> -13 | F31: =SUM(F11-F50) -> -195 | G31: =SUM(G11-G50) -> -204 | H31: =SUM(H11-H50) -> -102 | I31: =SUM(I11-I50) -> -51 | ... M31: =SUM(M11-M50) -> -190
A32: Johanna Forslund | B32: =SUM(B12-B51) -> -27 | C32: =SUM(C12-C51) -> -108 | D32: =SUM(D12-D51) -> 14 | E32: =SUM(E12-E51) -> -6 | F32: =SUM(F12-F51) -> -200 | G32: =SUM(G12-G51) -> -110 | H32: =SUM(H12-H51) -> -110 | I32: =SUM(I12-I51) -> -230 | ... M32: =SUM(M12-M51) -> -210
A33: Emma Hillberg | B33: =SUM(B13-B52) -> -60 | C33: =SUM(C13-C52) -> 32 | D33: =SUM(D13-D52) -> 12 | E33: =SUM(E13-E52) -> 53 | F33: =SUM(F13-F52) -> -200 | G33: =SUM(G13-G52) -> -110 | H33: =SUM(H13-H52) -> -110 | I33: =SUM(I13-I52) -> -230 | ... M33: =SUM(M13-M52) -> -210
A34: Elias Österberg | B34: =SUM(B14-B53) -> -40 | C34: =SUM(C14-C53) -> -81 | D34: =SUM(D14-D53) -> 25 | E34: =SUM(E14-E53) -> -17 | F34: =SUM(F14-F53) -> -200 | G34: =SUM(G14-G53) -> -105 | H34: =SUM(H14-H53) -> -60 | I34: =SUM(I14-I53) -> -240 | ... M34: =SUM(M14-M53) -> -200
A35: Linda Wahlström | B35: =SUM(B15-B54) -> -81 | C35: =SUM(C15-C54) -> -56 | D35: =SUM(D15-D54) -> 14 | E35: =SUM(E15-E54) -> -42 | F35: =SUM(F15-F54) -> -160 | G35: =SUM(G15-G54) -> -172 | H35: =SUM(H15-H54) -> 0 | I35: =SUM(I15-I54) -> -45 | ... M35: =SUM(M15-M54) -> -165
... A38: Åsa Holmstrand | B38: =SUM(B18-B57) -> 0 | C38: =SUM(C18-C57) -> 0 | D38: =SUM(D18-D57) -> 2 | E38: =SUM(E18-E57) -> 1 | F38: =SUM(F18-F57) -> 0 | G38: =SUM(G18-G57) -> 0 | H38: =SUM(H18-H57) -> 0 | I38: =SUM(I18-I57) -> 0 | ... M38: =SUM(M18-M57) -> 0
B39: =SUM(B24:B38) -> -333 | C39: =SUM(C24:C38) -> -218 | D39: =SUM(D24:D38) -> 193 | E39: =SUM(E24:E38) -> 95 | F39: =SUM(F24:F38) -> -1884 | G39: =SUM(G24:G38) -> -1544 | H39: =SUM(H24:H38) -> -682 | I39: =SUM(I24:I38) -> -1241 | ... M39: =SUM(M24:M38) -> -2178
B41: Budget | C41: Budget | D41: Budget | E41: Budget | F41: Budget | G41: Budget | H41: Budget | I41: Budget | J41: Budget | K41: Budget | L41: Budget | M41: Budget
A42: ÅRSBUDGET POÄNG 2026 = | B42: =SUM(B43:B56) -> 1704 | C42: =SUM(C43:C56) -> 1824 | D42: =SUM(D43:D56) -> 1864 | E42: =SUM(E43:E56) -> 1923 | F42: =SUM(F43:F56) -> 1884 | G42: =SUM(G43:G56) -> 1544 | H42: =SUM(H43:H56) -> 682 | I42: =SUM(I43:I56) -> 1241 | ... M42: =SUM(M43:M56) -> 2178
A43: Sanna Åstrand | B43: 290 | C43: 290 | D43: 290 | E43: 290 | F43: 280 | G43: 145 | H43: 0 | I43: 75 | J43: 290 | K43: 290 | L43: 290 | M43: 250
A44: Kristina Tjernberg | B44: 204 | C44: 204 | D44: 204 | E44: 182 | F44: 170 | G44: 194 | H44: 48 | I44: 96 | J44: 204 | K44: 204 | L44: 204 | M44: 184
A45: Sanna NE | B45: 196 | C45: 196 | D45: 196 | E45: 173 | F45: 165 | G45: 170 | H45: 100 | I45: 60 | J45: 218 | K45: 218 | L45: 218 | M45: 190
A46: Carolin Sandberg | I46: 120 | J46: 220 | K46: 220 | L46: 172 | M46: 165
A47: Emelie Axelsson | L47: 115 | M47: 100
A48: Annie Valio | B48: 24 | C48: 24 | D48: 24 | E48: 24 | F48: 24 | G48: 24 | H48: 0 | I48: 10 | J48: 24 | K48: 24 | L48: 24 | M48: 10
A49: Sara Thorvaldsson
A50: David Lycksander | B50: 204 | C50: 204 | D50: 204 | E50: 204 | F50: 195 | G50: 204 | H50: 102 | I50: 51 | J50: 204 | K50: 204 | L50: 204 | M50: 190
A51: Johanna Forslund | B51: 190 | C51: 190 | D51: 210 | E51: 200 | F51: 200 | G51: 110 | H51: 110 | I51: 230 | J51: 230 | K51: 230 | L51: 230 | M51: 210
A52: Emma Hillberg | B52: 190 | C52: 190 | D52: 210 | E52: 200 | F52: 200 | G52: 110 | H52: 110 | I52: 230 | J52: 230 | K52: 230 | L52: 230 | M52: 210
A53: Elias Österberg | B53: 90 | C53: 210 | D53: 210 | E53: 200 | F53: 200 | G53: 105 | H53: 60 | I53: 240 | J53: 240 | K53: 240 | L53: 240 | M53: 200
A54: Linda Wahlström | B54: 172 | C54: 172 | D54: 172 | E54: 160 | F54: 160 | G54: 172 | H54: 0 | I54: 45 | J54: 172 | K54: 172 | L54: 172 | M54: 165
A55: Agnes Weijland Carlsson | B55: 0 | C55: 0 | D55: 0 | E55: 150 | F55: 150 | G55: 170 | H55: 80 | I55: 48 | J55: 172 | K55: 172 | L55: 172 | M55: 160
A56: Åsa Tillmar | B56: 144 | C56: 144 | D56: 144 | E56: 140 | F56: 140 | G56: 140 | H56: 72 | I56: 36 | J56: 144 | K56: 144 | L56: 144 | M56: 144
A57: Åsa Holmstrand

Sheet Lilla Edet
A1: Uttag poäng datum; | B1: 46063 | C1: 46086
B2: Jan | C2: Feb | D2: Mar | E2: Apr | F2: Maj | G2: Jun | H2: Jul | I2: Aug | J2: Sep | K2: Okt | L2: Nov | M2: Dec
A3: Ta ut från Verksamhetsportalen: | B3: Actual | C3: Actual | D3: Actual | E3: Actual | F3: Actual | G3: Actual | H3: Actual | I3: Actual | J3: Actual | K3: Actual | L3: Actual | M3: Actual
A4: Camilla Skånberg | B4: 139 | C4: 97
A5: Mimmi Landelius | B5: 227 | C5: 197
A6: Sanna Bohman | B6: 178 | C6: 0
A7: Emma Holmström | B7: 131 | C7: 111 | D7: 115 | E7: 159
A8: Linda Leinsdroff | B8: 6 | C8: 0
A9: Helen Wiefeldt ( ej med i budget) | B9: 37 | C9: 101 | D9: 154 | E9: 121
A10: Albin Kolberg | C10: 20 | D10: 47
A11: Karin Edler | D11: 212 | E11: 199
A12: Mark H | E12: 30
B18: =SUM(B4:B17) -> 718 | C18: =SUM(C4:C17) -> 526 | D18: =SUM(D4:D17) -> 528 | E18: =SUM(E4:E17) -> 509 | F18: =SUM(F4:F17) -> 0 | G18: =SUM(G4:G17) -> 0 | H18: =SUM(H4:H17) -> 0 | I18: =SUM(I4:I17) -> 0 | ... M18: =SUM(M4:M17) -> 0
B20: Jan | C20: Feb | D20: Mar | E20: Apr | F20: Maj | G20: Jun | H20: Jul | I20: Aug | J20: Sep | K20: Okt | L20: Nov | M20: Dec
B21: Diff | C21: Diff | D21: Diff | E21: Diff | F21: Diff | G21: Diff | H21: Diff | I21: Diff | J21: Diff | K21: Diff | L21: Diff | M21: Diff
A22: Camilla Skånberg | B22: =SUM(B4-B40) -> -61 | C22: =SUM(C4-C40) -> -103 | D22: =SUM(D4-D40) -> -204 | E22: =SUM(E4-E40) -> -204 | F22: =SUM(F4-F40) -> -204 | G22: =SUM(G4-G40) -> -180 | H22: =SUM(H4-H40) -> -100 | I22: =SUM(I4-I40) -> -180 | ... M22: =SUM(M4-M40) -> -180
A23: Mimmi Landelius | B23: =SUM(B5-B41) -> 27 | C23: =SUM(C5-C41) -> -3 | D23: =SUM(D5-D41) -> -240 | E23: =SUM(E5-E41) -> -240 | F23: =SUM(F5-F41) -> -240 | G23: =SUM(G5-G41) -> -180 | H23: =SUM(H5-H41) -> -100 | I23: =SUM(I5-I41) -> -180 | ... M23: =SUM(M5-M41) -> -180
A24: Sanna Bohman | B24: =SUM(B6-B42) -> -22 | C24: =SUM(C6-C42) -> -240 | D24: =SUM(D6-D42) -> -240 | E24: =SUM(E6-E42) -> -240 | F24: =SUM(F6-F42) -> -240 | G24: =SUM(G6-G42) -> -200 | H24: =SUM(H6-H42) -> -100 | I24: =SUM(I6-I42) -> -200 | ... M24: =SUM(M6-M42) -> -200
A25: Emma Holmström | B25: =SUM(B7-B43) -> -69 | C25: =SUM(C7-C43) -> -89 | D25: =SUM(D7-D43) -> -125 | E25: =SUM(E7-E43) -> -81 | F25: =SUM(F7-F43) -> -240 | G25: =SUM(G7-G43) -> -180 | H25: =SUM(H7-H43) -> -100 | I25: =SUM(I7-I43) -> -180 | ... M25: =SUM(M7-M43) -> -180
A26: Linda Leinsdroff | B26: =SUM(B8-B44) -> -144 | C26: =SUM(C8-C44) -> 0 | D26: =SUM(D8-D44) -> 0 | E26: =SUM(E8-E44) -> 0 | F26: =SUM(F8-F44) -> 0 | G26: =SUM(G8-G44) -> 0 | H26: =SUM(H8-H44) -> 0 | I26: =SUM(I8-I44) -> 0 | ... M26: =SUM(M8-M44) -> 0
A27: Helen Wiefeldt ( ej med i budget) | B27: =SUM(B9-B45) -> 37 | C27: =SUM(C9-C45) -> 101 | D27: =SUM(D9-D45) -> 154 | E27: =SUM(E9-E45) -> 121 | F27: =SUM(F9-F45) -> 0 | G27: =SUM(G9-G45) -> 0 | H27: =SUM(H9-H45) -> 0 | I27: =SUM(I9-I45) -> 0 | ... M27: =SUM(M9-M45) -> 0
A28: Albin Kolberg | B28: =SUM(B10-B46) -> 0 | C28: =SUM(C10-C46) -> 20 | D28: =SUM(D10-D46) -> 47 | E28: =SUM(E10-E46) -> 0 | F28: =SUM(F10-F46) -> 0 | G28: =SUM(G10-G46) -> 0 | H28: =SUM(H10-H46) -> 0 | I28: =SUM(I10-I46) -> 0 | ... M28: =SUM(M10-M46) -> 0
A29: Karin Edler | B29: =SUM(B11-B47) -> 0 | C29: =SUM(C11-C47) -> 0 | D29: =SUM(D11-D47) -> 212 | E29: =SUM(E11-E47) -> 199 | F29: =SUM(F11-F47) -> 0 | G29: =SUM(G11-G47) -> 0 | H29: =SUM(H11-H47) -> 0 | I29: =SUM(I11-I47) -> 0 | ... M29: =SUM(M11-M47) -> 0
B30: =SUM(B12-B48) -> 0 | C30: =SUM(C12-C48) -> 0 | D30: =SUM(D12-D48) -> 0 | E30: =SUM(E12-E48) -> 30 | F30: =SUM(F12-F48) -> 0 | G30: =SUM(G12-G48) -> 0 | H30: =SUM(H12-H48) -> 0 | I30: =SUM(I12-I48) -> 0 | ... M30: =SUM(M12-M48) -> 0
B31: =SUM(B13-B49) -> 0 | C31: =SUM(C13-C49) -> 0 | D31: =SUM(D13-D49) -> 0 | E31: =SUM(E13-E49) -> 0 | F31: =SUM(F13-F49) -> 0 | G31: =SUM(G13-G49) -> 0 | H31: =SUM(H13-H49) -> 0 | I31: =SUM(I13-I49) -> 0 | ... M31: =SUM(M13-M49) -> 0
B32: =SUM(B14-B50) -> 0 | C32: =SUM(C14-C50) -> 0 | D32: =SUM(D14-D50) -> 0 | E32: =SUM(E14-E50) -> 0 | F32: =SUM(F14-F50) -> 0 | G32: =SUM(G14-G50) -> 0 | H32: =SUM(H14-H50) -> 0 | I32: =SUM(I14-I50) -> 0 | ... M32: =SUM(M14-M50) -> 0
B33: =SUM(B15-B51) -> 0 | C33: =SUM(C15-C51) -> 0 | D33: =SUM(D15-D51) -> 0 | E33: =SUM(E15-E51) -> 0 | F33: =SUM(F15-F51) -> 0 | G33: =SUM(G15-G51) -> 0 | H33: =SUM(H15-H51) -> 0 | I33: =SUM(I15-I51) -> 0 | ... M33: =SUM(M15-M51) -> 0
B34: =SUM(B16-B52) -> 0 | C34: =SUM(C16-C52) -> 0 | D34: =SUM(D16-D52) -> 0 | E34: =SUM(E16-E52) -> 0 | F34: =SUM(F16-F52) -> 0 | G34: =SUM(G16-G52) -> 0 | H34: =SUM(H16-H52) -> 0 | I34: =SUM(I16-I52) -> 0 | ... M34: =SUM(M16-M52) -> 0
B35: =SUM(B17-B53) -> 0 | C35: =SUM(C17-C53) -> 0 | D35: =SUM(D17-D53) -> 0 | E35: =SUM(E17-E53) -> 0 | F35: =SUM(F17-F53) -> 0 | G35: =SUM(G17-G53) -> 0 | H35: =SUM(H17-H53) -> 0 | I35: =SUM(I17-I53) -> 0 | ... M35: =SUM(M17-M53) -> 0
B36: =SUM(B22:B35) -> -232 | C36: =SUM(C22:C35) -> -314 | D36: =SUM(D22:D35) -> -396 | E36: =SUM(E22:E35) -> -415 | F36: =SUM(F22:F35) -> -924 | G36: =SUM(G22:G35) -> -740 | H36: =SUM(H22:H35) -> -400 | I36: =SUM(I22:I35) -> -740 | ... M36: =SUM(M22:M35) -> -740
B38: Budget | C38: Budget | D38: Budget | E38: Budget | F38: Budget | G38: Budget | H38: Budget | I38: Budget | J38: Budget | K38: Budget | L38: Budget | M38: Budget
A39: ÅRSBUDGET POÄNG 2026 = | B39: =SUM(B40:B47) -> 950 | C39: =SUM(C40:C47) -> 840 | D39: =SUM(D40:D47) -> 924 | E39: =SUM(E40:E47) -> 924 | F39: =SUM(F40:F47) -> 924 | G39: =SUM(G40:G47) -> 740 | H39: =SUM(H40:H47) -> 400 | I39: =SUM(I40:I47) -> 740 | ... M39: =SUM(M40:M47) -> 740
A40: Camilla Skånberg | B40: 200 | C40: 200 | D40: 204 | E40: 204 | F40: 204 | G40: 180 | H40: 100 | I40: 180 | J40: 204 | K40: 200 | L40: 204 | M40: 180
A41: Mimmi Landelius | B41: 200 | C41: 200 | D41: 240 | E41: 240 | F41: 240 | G41: 180 | H41: 100 | I41: 180 | J41: 240 | K41: 200 | L41: 240 | M41: 180
A42: Sanna Bohman | B42: 200 | C42: 240 | D42: 240 | E42: 240 | F42: 240 | G42: 200 | H42: 100 | I42: 200 | J42: 240 | K42: 240 | L42: 240 | M42: 200
A43: Emma Holmström | B43: 200 | C43: 200 | D43: 240 | E43: 240 | F43: 240 | G43: 180 | H43: 100 | I43: 180 | J43: 240 | K43: 200 | L43: 240 | M43: 180
A44: Linda Leinsdroff | B44: 150 | C44: 0
A45: Helen Wiefeldt ( ej med i budget)
A46: Albin Kolberg
A47: Karin Edler

Sheet Stavre
A1: Uttag poäng datum; | B1: 46063 | C1: 46086
B2: Jan | C2: Feb | D2: Mar | E2: Apr | F2: Maj | G2: Jun | H2: Jul | I2: Aug | J2: Sep | K2: Okt | L2: Nov | M2: Dec
A3: Ta ut från Verksamhetsportalen: | B3: Actual | C3: Actual | D3: Actual | E3: Actual | F3: Actual | G3: Actual | H3: Actual | I3: Actual | J3: Actual | K3: Actual | L3: Actual | M3: Actual
A4: Cecilia Lilja | B4: 229 | C4: 283 | D4: 358 | E4: 213
A5: Elisabeth Kaspers | B5: 251 | C5: 220 | D5: 264 | E5: 241
A6: Kalle Berner | B6: 274 | C6: 193 | D6: 274 | E6: 290
A7: Josefin Samuelsson | B7: 170 | C7: 112 | D7: 99 | E7: 187
A8: AT RLB
A9: Rehabassistent CH
A10: Ny Fysio?
A11: Emma Holmström ( ej budget?) | B11: 0 | C11: 13
A12: Sanna Bohman ( ej budget?) | B12: 0 | C12: 138 | D12: 208 | E12: 186
A13: Rut-lina B | E13: 29
B18: =SUM(B4:B17) -> 924 | C18: =SUM(C4:C17) -> 959 | D18: =SUM(D4:D17) -> 1203 | E18: =SUM(E4:E17) -> 1146 | F18: =SUM(F4:F17) -> 0 | G18: =SUM(G4:G17) -> 0 | H18: =SUM(H4:H17) -> 0 | I18: =SUM(I4:I17) -> 0 | ... M18: =SUM(M4:M17) -> 0
B20: Jan | C20: Feb | D20: Mar | E20: Apr | F20: Maj | G20: Jun | H20: Jul | I20: Aug | J20: Sep | K20: Okt | L20: Nov | M20: Dec
B21: Diff | C21: Diff | D21: Diff | E21: Diff | F21: Diff | G21: Diff | H21: Diff | I21: Diff | J21: Diff | K21: Diff | L21: Diff | M21: Diff
A22: Cecilia Lilja | B22: =SUM(B4-B40) -> 79 | C22: =SUM(C4-C40) -> 123 | D22: =SUM(D4-D40) -> 183 | E22: =SUM(E4-E40) -> 38 | F22: =SUM(F4-F40) -> -180 | G22: =SUM(G4-G40) -> -90 | H22: =SUM(H4-H40) -> -90 | I22: =SUM(I4-I40) -> -180 | ... M22: =SUM(M4-M40) -> -150
A23: Elisabeth Kaspers | B23: =SUM(B5-B41) -> 71 | C23: =SUM(C5-C41) -> 25 | D23: =SUM(D5-D41) -> 24 | E23: =SUM(E5-E41) -> 26 | F23: =SUM(F5-F41) -> -240 | G23: =SUM(G5-G41) -> -190 | H23: =SUM(H5-H41) -> -40 | I23: =SUM(I5-I41) -> -200 | ... M23: =SUM(M5-M41) -> -190
A24: Kalle Berner | B24: =SUM(B6-B42) -> 84 | C24: =SUM(C6-C42) -> -7 | D24: =SUM(D6-D42) -> 34 | E24: =SUM(E6-E42) -> 70 | F24: =SUM(F6-F42) -> -240 | G24: =SUM(G6-G42) -> -190 | H24: =SUM(H6-H42) -> -40 | I24: =SUM(I6-I42) -> -230 | ... M24: =SUM(M6-M42) -> -190
A25: Josefin Samuelsson | B25: =SUM(B7-B43) -> -20 | C25: =SUM(C7-C43) -> -78 | D25: =SUM(D7-D43) -> -121 | E25: =SUM(E7-E43) -> -33 | F25: =SUM(F7-F43) -> -240 | G25: =SUM(G7-G43) -> -190 | H25: =SUM(H7-H43) -> -30 | I25: =SUM(I7-I43) -> -200 | ... M25: =SUM(M7-M43) -> -190
A26: AT RLB | B26: =SUM(B8-B44) -> 0 | C26: =SUM(C8-C44) -> 0 | D26: =SUM(D8-D44) -> 0 | E26: =SUM(E8-E44) -> 0 | F26: =SUM(F8-F44) -> -40 | G26: =SUM(G8-G44) -> -40 | H26: =SUM(H8-H44) -> 0 | I26: =SUM(I8-I44) -> 0 | ... M26: =SUM(M8-M44) -> -130
A27: Rehabassistent CH | B27: =SUM(B9-B45) -> -180 | C27: =SUM(C9-C45) -> -180 | D27: =SUM(D9-D45) -> -180 | E27: =SUM(E9-E45) -> 0 | F27: =SUM(F9-F45) -> 0 | G27: =SUM(G9-G45) -> 0 | H27: =SUM(H9-H45) -> 0 | I27: =SUM(I9-I45) -> 0 | ... M27: =SUM(M9-M45) -> 0
A28: Ny Fysio? | B28: =SUM(B10-B46) -> 0 | C28: =SUM(C10-C46) -> -180 | D28: =SUM(D10-D46) -> -240 | E28: =SUM(E10-E46) -> -220 | F28: =SUM(F10-F46) -> -240 | G28: =SUM(G10-G46) -> -190 | H28: =SUM(H10-H46) -> -40 | I28: =SUM(I10-I46) -> -230 | ... M28: =SUM(M10-M46) -> -190
A29: Emma Holmström ( ej budget?) | B29: =SUM(B11-B47) -> 0 | C29: =SUM(C11-C47) -> 13 | D29: =SUM(D11-D47) -> 0 | E29: =SUM(E11-E47) -> 0 | F29: =SUM(F11-F47) -> 0 | G29: =SUM(G11-G47) -> 0 | H29: =SUM(H11-H47) -> 0 | I29: =SUM(I11-I47) -> 0 | ... M29: =SUM(M11-M47) -> 0
A30: Sanna Bohman ( ej budget?) | B30: =SUM(B12-B48) -> 0 | C30: =SUM(C12-C48) -> 138 | D30: =SUM(D12-D48) -> 208 | E30: =SUM(E12-E48) -> 186 | F30: =SUM(F12-F48) -> 0 | G30: =SUM(G12-G48) -> 0 | H30: =SUM(H12-H48) -> 0 | I30: =SUM(I12-I48) -> 0 | ... M30: =SUM(M12-M48) -> 0
B31: =SUM(B13-B49) -> 0 | C31: =SUM(C13-C49) -> 0 | D31: =SUM(D13-D49) -> 0 | E31: =SUM(E13-E49) -> 29 | F31: =SUM(F13-F49) -> 0 | G31: =SUM(G13-G49) -> 0 | H31: =SUM(H13-H49) -> 0 | I31: =SUM(I13-I49) -> 0 | ... M31: =SUM(M13-M49) -> 0
B32: =SUM(B14-B50) -> 0 | C32: =SUM(C14-C50) -> 0 | D32: =SUM(D14-D50) -> 0 | E32: =SUM(E14-E50) -> 0 | F32: =SUM(F14-F50) -> 0 | G32: =SUM(G14-G50) -> 0 | H32: =SUM(H14-H50) -> 0 | I32: =SUM(I14-I50) -> 0 | ... M32: =SUM(M14-M50) -> 0
B33: =SUM(B15-B51) -> 0 | C33: =SUM(C15-C51) -> 0 | D33: =SUM(D15-D51) -> 0 | E33: =SUM(E15-E51) -> 0 | F33: =SUM(F15-F51) -> 0 | G33: =SUM(G15-G51) -> 0 | H33: =SUM(H15-H51) -> 0 | I33: =SUM(I15-I51) -> 0 | ... M33: =SUM(M15-M51) -> 0
B34: =SUM(B16-B52) -> 0 | C34: =SUM(C16-C52) -> 0 | D34: =SUM(D16-D52) -> 0 | E34: =SUM(E16-E52) -> 0 | F34: =SUM(F16-F52) -> 0 | G34: =SUM(G16-G52) -> 0 | H34: =SUM(H16-H52) -> 0 | I34: =SUM(I16-I52) -> 0 | ... M34: =SUM(M16-M52) -> 0
B35: =SUM(B17-B53) -> 0 | C35: =SUM(C17-C53) -> 0 | D35: =SUM(D17-D53) -> 0 | E35: =SUM(E17-E53) -> 0 | F35: =SUM(F17-F53) -> 0 | G35: =SUM(G17-G53) -> 0 | H35: =SUM(H17-H53) -> 0 | I35: =SUM(I17-I53) -> 0 | ... M35: =SUM(M17-M53) -> 0
B36: =SUM(B22:B35) -> 34 | C36: =SUM(C22:C35) -> -146 | D36: =SUM(D22:D35) -> -92 | E36: =SUM(E22:E35) -> 96 | F36: =SUM(F22:F35) -> -1180 | G36: =SUM(G22:G35) -> -890 | H36: =SUM(H22:H35) -> -240 | I36: =SUM(I22:I35) -> -1040 | ... M36: =SUM(M22:M35) -> -1040
B38: Budget | C38: Budget | D38: Budget | E38: Budget | F38: Budget | G38: Budget | H38: Budget | I38: Budget | J38: Budget | K38: Budget | L38: Budget | M38: Budget
A39: ÅRSBUDGET POÄNG 2026 = | B39: =SUM(B40:B48) -> 890 | C39: =SUM(C40:C48) -> 1105 | D39: =SUM(D40:D48) -> 1295 | E39: =SUM(E40:E48) -> 1050 | F39: =SUM(F40:F48) -> 1180 | G39: =SUM(G40:G48) -> 890 | H39: =SUM(H40:H48) -> 240 | I39: =SUM(I40:I48) -> 1040 | ... M39: =SUM(M40:M48) -> 1040
A40: Cecilia Lilja | B40: 150 | C40: 160 | D40: 175 | E40: 175 | F40: 180 | G40: 90 | H40: 90 | I40: 180 | J40: 175 | K40: 175 | L40: 160 | M40: 150
A41: Elisabeth Kaspers | B41: 180 | C41: 195 | D41: 240 | E41: 215 | F41: 240 | G41: 190 | H41: 40 | I41: 200 | J41: 235 | K41: 240 | L41: 215 | M41: 190
A42: Kalle Berner | B42: 190 | C42: 200 | D42: 240 | E42: 220 | F42: 240 | G42: 190 | H42: 40 | I42: 230 | J42: 240 | K42: 235 | L42: 215 | M42: 190
A43: Josefin Samuelsson | B43: 190 | C43: 190 | D43: 220 | E43: 220 | F43: 240 | G43: 190 | H43: 30 | I43: 200 | J43: 240 | K43: 230 | L43: 215 | M43: 190
A44: AT RLB | F44: 40 | G44: 40 | J44: 160 | K44: 168 | L44: 168 | M44: 130
A45: Rehabassistent CH | B45: 180 | C45: 180 | D45: 180
A46: Ny Fysio? | C46: 180 | D46: 240 | E46: 220 | F46: 240 | G46: 190 | H46: 40 | I46: 230 | J46: 235 | K46: 235 | L46: 215 | M46: 190
A47: Emma Holmström ( ej budget?)
A48: Sanna Bohman ( ej budget?)

Sheet Åmål
A1: Uttag poäng datum; | B1: 46063 | C1: 46086
B2: Jan | C2: Feb | D2: Mar | E2: Apr | F2: Maj | G2: Jun | H2: Jul | I2: Aug | J2: Sep | K2: Okt | L2: Nov | M2: Dec
A3: Ta ut från Verksamhetsportalen: | B3: Actual | C3: Actual | D3: Actual | E3: Actual | F3: Actual | G3: Actual | H3: Actual | I3: Actual | J3: Actual | K3: Actual | L3: Actual | M3: Actual
A4: Jim Glimmersten | B4: 0 | C4: 128 | D4: 185 | E4: 141
A5: Ruurd Visser | B5: 228 | C5: 249 | D5: 353 | E5: 244
A6: Cecilia Jertborn | B6: 158 | C6: 227 | D6: 219 | E6: 232
A7: Johan Moberg | B7: 6 | C7: 0
A8: Jonathan Lindblad | B8: 88 | C8: 100 | D8: 171 | E8: 173
A9: Jeanette Lindblad
A10: Cecilia Bremfeldt | B10: 121 | C10: 0
A11: Therese Eriksson | B11: 231 | C11: 245 | D11: 168 | E11: 232
A12: Frida Eriksson Gustafsson | B12: 102 | C12: 107 | D12: 156 | E12: 165
A13: Subashee Thangavelu ( ej med i budget) | B13: 0 | C13: 2
B18: =SUM(B4:B17) -> 934 | C18: =SUM(C4:C17) -> 1058 | D18: =SUM(D4:D17) -> 1252 | E18: =SUM(E4:E17) -> 1187 | F18: =SUM(F4:F17) -> 0 | G18: =SUM(G4:G17) -> 0 | H18: =SUM(H4:H17) -> 0 | I18: =SUM(I4:I17) -> 0 | ... M18: =SUM(M4:M17) -> 0
B20: Jan | C20: Feb | D20: Mar | E20: Apr | F20: Maj | G20: Jun | H20: Jul | I20: Aug | J20: Sep | K20: Okt | L20: Nov | M20: Dec
B21: Diff | C21: Diff | D21: Diff | E21: Diff | F21: Diff | G21: Diff | H21: Diff | I21: Diff | J21: Diff | K21: Diff | L21: Diff | M21: Diff
A22: Jim Glimmersten | B22: =SUM(B4-B40) -> 0 | C22: =SUM(C4-C40) -> 128 | D22: =SUM(D4-D40) -> -55 | E22: =SUM(E4-E40) -> -99 | F22: =SUM(F4-F40) -> -240 | G22: =SUM(G4-G40) -> -240 | H22: =SUM(H4-H40) -> -100 | I22: =SUM(I4-I40) -> -100 | ... M22: =SUM(M4-M40) -> -240
A23: Ruurd Visser | B23: =SUM(B5-B41) -> -47 | C23: =SUM(C5-C41) -> -26 | D23: =SUM(D5-D41) -> 53 | E23: =SUM(E5-E41) -> 57 | F23: =SUM(F5-F41) -> -275 | G23: =SUM(G5-G41) -> -240 | H23: =SUM(H5-H41) -> -170 | I23: =SUM(I5-I41) -> -100 | ... M23: =SUM(M5-M41) -> -200
A24: Cecilia Jertborn | B24: =SUM(B6-B42) -> -82 | C24: =SUM(C6-C42) -> -13 | D24: =SUM(D6-D42) -> -1 | E24: =SUM(E6-E42) -> 12 | F24: =SUM(F6-F42) -> -120 | G24: =SUM(G6-G42) -> -100 | H24: =SUM(H6-H42) -> -100 | I24: =SUM(I6-I42) -> -220 | ... M24: =SUM(M6-M42) -> -220
A25: Johan Moberg | B25: =SUM(B7-B43) -> -42 | C25: =SUM(C7-C43) -> -48 | D25: =SUM(D7-D43) -> -48 | E25: =SUM(E7-E43) -> -48 | F25: =SUM(F7-F43) -> -48 | G25: =SUM(G7-G43) -> 0 | H25: =SUM(H7-H43) -> -25 | I25: =SUM(I7-I43) -> -48 | ... M25: =SUM(M7-M43) -> -48
A26: Jonathan Lindblad | B26: =SUM(B8-B44) -> -102 | C26: =SUM(C8-C44) -> -90 | D26: =SUM(D8-D44) -> -69 | E26: =SUM(E8-E44) -> -67 | F26: =SUM(F8-F44) -> -240 | G26: =SUM(G8-G44) -> -240 | H26: =SUM(H8-H44) -> -75 | I26: =SUM(I8-I44) -> -75 | ... M26: =SUM(M8-M44) -> -240
A27: Jeanette Lindblad | B27: =SUM(B9-B45) -> -120 | C27: =SUM(C9-C45) -> -200 | D27: =SUM(D9-D45) -> -200 | E27: =SUM(E9-E45) -> -200 | F27: =SUM(F9-F45) -> -200 | G27: =SUM(G9-G45) -> -75 | H27: =SUM(H9-H45) -> -75 | I27: =SUM(I9-I45) -> -200 | ... M27: =SUM(M9-M45) -> -75
A28: Cecilia Bremfeldt | B28: =SUM(B10-B46) -> -119 | C28: =SUM(C10-C46) -> -240 | D28: =SUM(D10-D46) -> 0 | E28: =SUM(E10-E46) -> 0 | F28: =SUM(F10-F46) -> 0 | G28: =SUM(G10-G46) -> 0 | H28: =SUM(H10-H46) -> 0 | I28: =SUM(I10-I46) -> 0 | ... M28: =SUM(M10-M46) -> 0
A29: Therese Eriksson | B29: =SUM(B11-B47) -> -19 | C29: =SUM(C11-C47) -> 5 | D29: =SUM(D11-D47) -> -82 | E29: =SUM(E11-E47) -> -8 | F29: =SUM(F11-F47) -> -240 | G29: =SUM(G11-G47) -> -200 | H29: =SUM(H11-H47) -> -100 | I29: =SUM(I11-I47) -> -80 | ... M29: =SUM(M11-M47) -> -250
A30: Frida Eriksson | B30: =SUM(B12-B48) -> -18 | C30: =SUM(C12-C48) -> -13 | D30: =SUM(D12-D48) -> 36 | E30: =SUM(E12-E48) -> 45 | F30: =SUM(F12-F48) -> -120 | G30: =SUM(G12-G48) -> -120 | H30: =SUM(H12-H48) -> -120 | I30: =SUM(I12-I48) -> -120 | ... M30: =SUM(M12-M48) -> -120
A31: Subashee Thangavelu ( ej med i budget) | B31: =SUM(B13-B49) -> 0 | C31: =SUM(C13-C49) -> 2 | D31: =SUM(D13-D49) -> 0 | E31: =SUM(E13-E49) -> 0 | F31: =SUM(F13-F49) -> 0 | G31: =SUM(G13-G49) -> 0 | H31: =SUM(H13-H49) -> 0 | I31: =SUM(I13-I49) -> 0 | ... M31: =SUM(M13-M49) -> 0
B32: =SUM(B14-B50) -> 0 | C32: =SUM(C14-C50) -> 0 | D32: =SUM(D14-D50) -> 0 | E32: =SUM(E14-E50) -> 0 | F32: =SUM(F14-F50) -> 0 | G32: =SUM(G14-G50) -> 0 | H32: =SUM(H14-H50) -> 0 | I32: =SUM(I14-I50) -> 0 | ... M32: =SUM(M14-M50) -> 0
B33: =SUM(B15-B51) -> 0 | C33: =SUM(C15-C51) -> 0 | D33: =SUM(D15-D51) -> 0 | E33: =SUM(E15-E51) -> 0 | F33: =SUM(F15-F51) -> 0 | G33: =SUM(G15-G51) -> 0 | H33: =SUM(H15-H51) -> 0 | I33: =SUM(I15-I51) -> 0 | ... M33: =SUM(M15-M51) -> 0
B34: =SUM(B16-B52) -> 0 | C34: =SUM(C16-C52) -> 0 | D34: =SUM(D16-D52) -> 0 | E34: =SUM(E16-E52) -> 0 | F34: =SUM(F16-F52) -> 0 | G34: =SUM(G16-G52) -> 0 | H34: =SUM(H16-H52) -> 0 | I34: =SUM(I16-I52) -> 0 | ... M34: =SUM(M16-M52) -> 0
B35: =SUM(B17-B53) -> 0 | C35: =SUM(C17-C53) -> 0 | D35: =SUM(D17-D53) -> 0 | E35: =SUM(E17-E53) -> 0 | F35: =SUM(F17-F53) -> 0 | G35: =SUM(G17-G53) -> 0 | H35: =SUM(H17-H53) -> 0 | I35: =SUM(I17-I53) -> 0 | ... M35: =SUM(M17-M53) -> 0
B36: =SUM(B22:B35) -> -549 | C36: =SUM(C22:C35) -> -495 | D36: =SUM(D22:D35) -> -366 | E36: =SUM(E22:E35) -> -308 | F36: =SUM(F22:F35) -> -1483 | G36: =SUM(G22:G35) -> -1215 | H36: =SUM(H22:H35) -> -765 | I36: =SUM(I22:I35) -> -943 | ... M36: =SUM(M22:M35) -> -1393
B38: Budget | C38: Budget | D38: Budget | E38: Budget | F38: Budget | G38: Budget | H38: Budget | I38: Budget | J38: Budget | K38: Budget | L38: Budget | M38: Budget
A39: ÅRSBUDGET POÄNG 2026 = | B39: =SUM(B40:B49) -> 1483 | C39: =SUM(C40:C49) -> 1553 | D39: =SUM(D40:D49) -> 1618 | E39: =SUM(E40:E49) -> 1495 | F39: =SUM(F40:F49) -> 1483 | G39: =SUM(G40:G49) -> 1215 | H39: =SUM(H40:H49) -> 765 | I39: =SUM(I40:I49) -> 943 | ... M39: =SUM(M40:M49) -> 1393
A40: Jim Glimmersten | B40: 0 | C40: 0 | D40: 240 | E40: 240 | F40: 240 | G40: 240 | H40: 100 | I40: 100 | J40: 240 | K40: 240 | L40: 240 | M40: 240
A41: Ruurd Visser | B41: 275 | C41: 275 | D41: 300 | E41: 187 | F41: 275 | G41: 240 | H41: 170 | I41: 100 | J41: 260 | K41: 200 | L41: 290 | M41: 200
A42: Cecilia Jertborn | B42: 240 | C42: 240 | D42: 220 | E42: 220 | F42: 120 | G42: 100 | H42: 100 | I42: 220 | J42: 240 | K42: 240 | L42: 220 | M42: 220
A43: Johan Moberg | B43: 48 | C43: 48 | D43: 48 | E43: 48 | F43: 48 | G43: 0 | H43: 25 | I43: 48 | J43: 48 | K43: 48 | L43: 48 | M43: 48
A44: Jonathan Lindblad | B44: 190 | C44: 190 | D44: 240 | E44: 240 | F44: 240 | G44: 240 | H44: 75 | I44: 75 | J44: 240 | K44: 240 | L44: 240 | M44: 240
A45: Jeanette Lindblad | B45: 120 | C45: 200 | D45: 200 | E45: 200 | F45: 200 | G45: 75 | H45: 75 | I45: 200 | J45: 200 | K45: 200 | L45: 200 | M45: 75
A46: Cecilia Bremfeldt | B46: 240 | C46: 240 | D46: 0 | E46: 0
A47: Therese Eriksson | B47: 250 | C47: 240 | D47: 250 | E47: 240 | F47: 240 | G47: 200 | H47: 100 | I47: 80 | J47: 250 | K47: 250 | L47: 250 | M47: 250
A48: Frida Eriksson | B48: 120 | C48: 120 | D48: 120 | E48: 120 | F48: 120 | G48: 120 | H48: 120 | I48: 120 | J48: 120 | K48: 120 | L48: 120 | M48: 120
A49: Subashee Thangavelu ( ej med i budget)

Sheet _ChartData
A1: Enhet | B1: YTD Actual | C1: YTD Budget | E1: Enhet | F1: Uppfyllnad % | H1: Stor-GBG Enhet | I1: YTD Actual | J1: YTD Budget | L1: Stor-GBG Enhet | M1: Uppfyllnad % | O1: Tätort Enhet | P1: YTD Actual | Q1: YTD Budget | S1: Tätort Enhet | T1: Uppfyllnad %
A2: {=_xlfn.SORTBY(Dashboard!A14:A27,Dashboard!N14:N27,1)} -> Karlastaden | B2: {=_xlfn.SORTBY(Dashboard!N14:N27,Dashboard!N14:N27,1)} -> 1107 | C2: {=_xlfn.SORTBY(Dashboard!O14:O27,Dashboard!N14:N27,1)} -> 1980 | E2: {=_xlfn.SORTBY(Dashboard!A14:A27,Dashboard!Q14:Q27,1)} -> Karlastaden | F2: {=_xlfn.SORTBY(Dashboard!Q14:Q27,Dashboard!Q14:Q27,1)} -> 0.55909091 | H2: {=_xlfn.SORTBY(Dashboard!A14:A21,Dashboard!N14:N21,1)} -> Karlastaden | I2: {=_xlfn.SORTBY(Dashboard!N14:N21,Dashboard!N14:N21,1)} -> 1107 | J2: {=_xlfn.SORTBY(Dashboard!O14:O21,Dashboard!N14:N21,1)} -> 1980 | L2: {=_xlfn.SORTBY(Dashboard!A14:A21,Dashboard!Q14:Q21,1)} -> Karlastaden | M2: {=_xlfn.SORTBY(Dashboard!Q14:Q21,Dashboard!Q14:Q21,1)} -> 0.55909091 | O2: {=_xlfn.SORTBY(Dashboard!A22:A27,Dashboard!N22:N27,1)} -> Lilla Edet | P2: {=_xlfn.SORTBY(Dashboard!N22:N27,Dashboard!N22:N27,1)} -> 2281 | Q2: {=_xlfn.SORTBY(Dashboard!O22:O27,Dashboard!N22:N27,1)} -> 3638 | S2: {=_xlfn.SORTBY(Dashboard!A22:A27,Dashboard!Q22:Q27,1)} -> Lilla Edet | T2: {=_xlfn.SORTBY(Dashboard!Q22:Q27,Dashboard!Q22:Q27,1)} -> 0.62699285
A3: Lilla Edet | B3: 2281 | C3: 3638 | E3: Lilla Edet | F3: 0.62699285 | H3: Olskroken | I3: 2424 | J3: 2935 | L3: Frölunda Torg | M3: 0.77701465 | O3: Stavre | P3: 4232 | Q3: 4340 | S3: Åmål | T3: 0.72060498
A4: Olskroken | B4: 2424 | C4: 2935 | E4: Åmål | F4: 0.72060498 | H4: Pedagogen Park | I4: 2479 | J4: 2725 | L4: Majorna | M4: 0.81244503 | O4: Åmål | P4: 4431 | Q4: 6149 | S4: Brålanda-Torpa | T4: 0.90611836
A5: Pedagogen Park | B5: 2479 | C5: 2725 | E5: Frölunda Torg | F5: 0.77701465 | H5: Frölunda Torg | I5: 3394 | J5: 4368 | L5: Olskroken | M5: 0.82589438 | O5: Brålanda-Torpa | P5: 4517 | Q5: 4985 | S5: Noltrop | T5: 0.96404648
A6: Frölunda Torg | B6: 3394 | C6: 4368 | E6: Majorna | F6: 0.81244503 | H6: Majorna | I6: 3695 | J6: 4548 | L6: Avenyn | M6: 0.84203954 | O6: Tanum och Fjällbacka | P6: 4983 | Q6: 4394 | S6: Stavre | T6: 0.97511521
A7: Majorna | B7: 3695 | C7: 4548 | E7: Olskroken | F7: 0.82589438 | H7: Grimmered | I7: 3774 | J7: 4115 | L7: Pedagogen Park | M7: 0.90972477 | O7: Noltrop | P7: 7052 | Q7: 7315 | S7: Tanum och Fjällbacka | T7: 1.1340464
A8: Grimmered | B8: 3774 | C8: 4115 | E8: Avenyn | F8: 0.84203954 | H8: Åby | I8: 4024 | J8: 4340 | L8: Grimmered | M8: 0.91713244
A9: Åby | B9: 4024 | C9: 4340 | E9: Brålanda-Torpa | F9: 0.90611836 | H9: Avenyn | I9: 4046 | J9: 4805 | L9: Åby | M9: 0.92718894
A10: Avenyn | B10: 4046 | C10: 4805 | E10: Pedagogen Park | F10: 0.90972477
A11: Stavre | B11: 4232 | C11: 4340 | E11: Grimmered | F11: 0.91713244
A12: Åmål | B12: 4431 | C12: 6149 | E12: Åby | F12: 0.92718894
A13: Brålanda-Torpa | B13: 4517 | C13: 4985 | E13: Noltrop | F13: 0.96404648
A14: Tanum och Fjällbacka | B14: 4983 | C14: 4394 | E14: Stavre | F14: 0.97511521
A15: Noltrop | B15: 7052 | C15: 7315 | E15: Tanum och Fjällbacka | F15: 1.1340464
